Hi6362B200_4171450_2,
22.771363    ,
1.287598    ,
1.301649    ,
1.259645    ,
0.894220    ,
0.986968    ,
0.924737    ,
1.078880    ,
0.000000    ,
0.000000    ,
0.000000    ,
0.000000    ,
0.000000    ,
0.000000    ,
0.000000    ,
0.000000    ,
0.000000    ,
0.000000    ,
0.000000    ,
0.000000    ,
0.000000    ,
0.000000    ,
0.000000    ,
0.000000    ,
0.000000    ,
0.000000    ,
0.000000    ,
0.000000    ,
1.000000     ,
0.673420 mA,
0.003637 mA,
0.120067 mA,
2.932921 mA,
0.422416 mA,
2.441499 mA,
0.247802 mA,
0.244437 mA,
7.086199 mA,
,
,
,
,
,
,
,
,
,
,
,
,
,
,
,
,
,
,
,
,
,
,
,
,
,
,
,
,
,
,
,
,
,
,
,
,
,
,
,
,
0.489248 mA,
0.064649 mA,
34.891184 mA,
51.121641 mA,
1.640092 mA,
-0.060419 mA,
0.247802 mA,
0.060369 mA,
88.454565 mA,
7171.000000     ,
45380.000000     ,
,
,
,
,
,
,
,
,
,
,
,
,
,
,
,
,
,
,
,
,
,
,
,
,
,
,
,
,
,
,
,
,
,
,
,
,
,
,
,
,
515.686055 mV,
539.155067 mV,
503.681798 mV,
522.265423 mV,
,
,
,
,
,
,
,
,
,
,
,
,
,
,
,
,
,
,
,
,
,
,
,
,
,
,
,
,
,
,
,
,
,
,
,
,
,
,
,
,
,
,
,
,
,
,
,
,
,
,
,
,
,
,
,
,
,
,
,
,
,
,
,
,
,
,
,
,
,
,
,
,
,
,
,
,
,
,
,
,
56.833895 dB,
57.029421 dB,
2.741521 dB,
2.727196 dB,
5.154292 dB,
5.148122 dB,
10.102925 dB,
10.096866 dB,
15.014904 dB,
15.006325 dB,
19.860649 dB,
19.840228 dB,
26.119011 dB,
26.134832 dB,
40.622585 dB,
40.620920 dB,
7.033045 dB,
7.079825 dB,
7.185370 %,
14.700424 %,
41.588952     ,
-7.617087     ,
-9.152731     ,
,
,
,
,
,
,
,
,
,
,
,
,
,
,
,
,
,
,
,
,
,
,
,
,
,
,
,
,
,
,
,
,
,
,
,
,
,
,
,
,
25.346501 dB,
25.299774 dB,
2.659944 dB,
2.576841 dB,
5.132996 dB,
4.883545 dB,
9.803784 dB,
10.103685 dB,
15.151053 dB,
14.997100 dB,
19.982296 dB,
20.041076 dB,
27.567224 dB,
25.353414 dB,
38.011143 dB,
35.601916 dB,
33.158278 dB,
33.199338 dB,
54.182013 %,
161.217545 %,
52.971537     ,
-22.184602     ,
-23.069052     ,
-22.723722     ,
-24.558808     ,
-83.358656     ,
-82.821365     ,
-87.663395     ,
-82.379409     ,
-82.666611     ,
-81.262247     ,
-82.404162     ,
-81.162243     ,
-84.212528     ,
-80.844772     ,
-82.920888     ,
-80.079717     ,
-81.793241     ,
-82.096887     ,
-77.597046     ,
-75.234566     ,
-85.029843     ,
-81.711605     ,
-79.668393     ,
-83.947845     ,
-82.393950     ,
-82.115748     ,
-84.366156     ,
-83.881947     ,
-85.256016     ,
-81.935948     ,
-83.541561     ,
-78.038725     ,
-83.259866     ,
-89.656182     ,
-81.780020     ,
-84.148451     ,
-79.668384     ,
-78.426035     ,
-89.662258     ,
-78.977981     ,
-83.924183     ,
-84.056264     ,
-82.920453     ,
-89.299064     ,
-85.624826     ,
-84.400623     ,
-83.380976     ,
-84.894655     ,
,
,
,
,
,
,
,
,
,
,
,
,
,
,
,
,
,
,
,
,
,
,
,
,
,
,
,
,
,
,
,
,
,
,
,
,
,
,
,
,
56.177708 dB,
56.386177 dB,
1.954081 dB,
2.012618 dB,
4.107608 dB,
4.178156 dB,
5.962619 dB,
6.075749 dB,
7.934526 dB,
8.029203 dB,
73.989906 dB,
77.589315 dB,
82.633168 dB,
81.418628 dB,
39.844957 dB,
39.828643 dB,
70.928073 dB,
69.554643 dB,
999.000000 %,
999.000000 %,
6.336149     ,
-14.235508     ,
-13.834723     ,
-5.141253      ,
-5.147032      ,
-5.555552      ,
-5.515638      ,
-5.160294      ,
-5.105633      ,
-4.438501      ,
-4.509311      ,
57.987039      ,
50.422854      ,
57.609934      ,
49.342912      ,
55.833046      ,
49.846322      ,
55.689889      ,
46.995049      ,
52.103711      ,
49.944743      ,
10.004149     ,
4.493615     ,
58.118484 dB,
58.323599 dB,
2.741599 dB,
2.737422 dB,
5.137295 dB,
5.139585 dB,
10.269473 dB,
10.270384 dB,
15.027212 dB,
15.034700 dB,
19.796441 dB,
19.786014 dB,
26.183251 dB,
26.129586 dB,
40.423186 dB,
40.228419 dB,
6.752500 dB,
6.827126 dB,
7.203787 %,
13.842289 %,
41.378026     ,
-8.859295      ,
-10.363707     ,
-9.542328      ,
-8.004592      ,
-10.249806     ,
-9.942006      ,
-11.115354     ,
-10.881407     ,
-9.916754      ,
-10.934935     ,
12.476966      ,
13.487391      ,
13.421822      ,
13.473290      ,
12.707724      ,
15.495883      ,
13.599813      ,
14.593139      ,
13.755106      ,
13.943238      ,
15.106861      ,
14.841401      ,
13.971876      ,
13.896995      ,
11.881773      ,
14.725922      ,
12.261720      ,
13.787606      ,
17.966971      ,
11.690990      ,
49.941851      ,
58.665991      ,
55.146662      ,
55.850429      ,
52.184153      ,
57.065213      ,
53.836791      ,
52.598519      ,
56.604582      ,
52.684082      ,
56.045599      ,
53.178803      ,
52.992786      ,
51.069896      ,
59.017925      ,
54.838434      ,
56.471473      ,
50.393030      ,
56.721522      ,
52.221749      ,
57.139260      ,
55.188630      ,
57.060412      ,
55.079912      ,
56.948830      ,
58.600186      ,
56.008353 dB,
56.220838 dB,
2.812268 dB,
2.815964 dB,
5.248653 dB,
5.254686 dB,
10.157750 dB,
10.152790 dB,
15.202284 dB,
15.207604 dB,
20.126800 dB,
20.116716 dB,
27.275685 dB,
27.308861 dB,
46.600886 dB,
46.708233 dB,
7.852948 dB,
7.837726 dB,
7.410559 %,
15.717098 %,
41.096111     ,
-11.861977     ,
-10.171312     ,
-2.942501      ,
0.439968      ,
0.493100      ,
2.441548      ,
-5.584026      ,
-8.318259      ,
-5.375252      ,
-7.947543      ,
-6.754668      ,
-8.326799      ,
-5.198479      ,
-7.047583      ,
-8.141727      ,
-7.186699      ,
-0.298680      ,
-0.332013      ,
-0.268435      ,
-0.320479      ,
-0.301670      ,
-0.281072      ,
-0.207964      ,
-0.263688      ,
-0.301352      ,
-0.224164      ,
-0.343488      ,
-0.246387      ,
-0.274455      ,
-0.310340      ,
-0.337793      ,
-0.249673      ,
-0.221267      ,
-0.311671      ,
15.183797      ,
12.979184      ,
19.289716      ,
18.717573      ,
-1.840834      ,
-1.933420      ,
-1.951112      ,
-1.922732      ,
-1.649223      ,
-1.707739      ,
-1.741619      ,
-1.756016      ,
-1.905502      ,
-1.866348      ,
-1.900083      ,
-1.811699      ,
-1.887339      ,
-1.987702      ,
20.087824      ,
20.267932      ,
25.989099      ,
26.311096      ,
56.946472      ,
62.081583      ,
54.198229      ,
52.094042      ,
56.448910      ,
53.888799      ,
54.693745      ,
57.267661      ,
55.912445      ,
49.857343      ,
58.155946      ,
53.960702      ,
58.274736      ,
50.967975      ,
50.867826      ,
54.964339      ,
58.045598      ,
47.561701      ,
54.464816      ,
53.258163      ,
42.142765      ,
44.669079      ,
54.704862      ,
52.512204      ,
61.342106      ,
56.203532      ,
57.334106      ,
55.284144      ,
56.930587      ,
55.159792      ,
51.345562      ,
53.438045      ,
49.735801      ,
52.254033      ,
52.197150      ,
49.813672      ,
57.678769 dB,
57.893249 dB,
2.714912 dB,
2.729081 dB,
5.114650 dB,
5.129385 dB,
10.244769 dB,
10.247291 dB,
15.203652 dB,
15.209256 dB,
20.359104 dB,
20.390428 dB,
27.550745 dB,
27.504369 dB,
46.218417 dB,
46.459253 dB,
5.905977 dB,
5.982394 dB,
7.410795 %,
16.527412 %,
41.438769     ,
-14.085461     ,
-15.110606     ,
-14.047838     ,
-13.684109     ,
-13.562169     ,
-14.489997     ,
-14.086614     ,
-14.097665     ,
-14.132038     ,
-13.739727     ,
-4.419303      ,
-4.368143      ,
-4.418490      ,
-4.337820      ,
-4.419716      ,
-4.334396      ,
-4.413482      ,
-4.369659      ,
-4.416860      ,
-4.352355      ,
-4.371138      ,
-4.345518      ,
-4.401189      ,
-4.394436      ,
-4.395858      ,
-4.399363      ,
-4.412001      ,
-4.409575      ,
-2.967512      ,
-2.926513      ,
-2.969028      ,
-2.973345      ,
-2.964426      ,
-2.947901      ,
-3.008549      ,
-2.956661      ,
-0.833961      ,
-0.820337      ,
28.295860      ,
28.365690      ,
28.380209      ,
28.629670      ,
62.250554      ,
57.127801      ,
58.428315      ,
57.142908      ,
60.075575      ,
57.701504      ,
57.686428      ,
59.056315      ,
62.639787      ,
52.968320      ,
61.669352      ,
52.593768      ,
55.571533      ,
51.889423      ,
51.724008      ,
48.268175      ,
56.491272      ,
56.953285      ,
55.674038      ,
57.621590      ,
58.383048      ,
57.516672      ,
59.726138      ,
54.164444      ,
64.996901      ,
53.690277      ,
60.321584      ,
53.885166      ,
56.447316 dB,
56.652013 dB,
2.765106 dB,
2.773065 dB,
5.170368 dB,
5.177689 dB,
10.066827 dB,
10.059653 dB,
15.160315 dB,
15.170590 dB,
20.036230 dB,
20.023053 dB,
27.957389 dB,
27.965517 dB,
46.909356 dB,
46.463124 dB,
6.982468 dB,
6.936022 dB,
7.475882 %,
16.032728 %,
41.438992     ,
-7.833490     ,
-8.807988     ,
54.444794 dB,
54.632930 dB,
2.612264 dB,
2.615139 dB,
4.972173 dB,
4.978484 dB,
9.896283 dB,
9.889031 dB,
14.959874 dB,
14.975910 dB,
19.998349 dB,
19.987157 dB,
27.002606 dB,
26.994959 dB,
48.256351 dB,
47.668221 dB,
7.880165 dB,
8.029879 dB,
7.811019 %,
18.238577 %,
41.838468     ,
-11.445038     ,
-11.355235     ,
-5.392466      ,
-4.401982      ,
-10.634939     ,
-9.522543      ,
-9.851501      ,
-11.247300     ,
-11.661855     ,
-9.356492      ,
-9.221400      ,
-9.767309      ,
-12.110908     ,
-9.564944      ,
-3.660863      ,
-3.633636      ,
-3.726784      ,
-3.640009      ,
-3.723337      ,
-3.656679      ,
-3.692732      ,
-3.686218      ,
-3.722853      ,
-3.661966      ,
-3.715119      ,
-3.668186      ,
-3.752598      ,
-3.650389      ,
-3.881532      ,
-3.891266      ,
-3.848766      ,
-3.863972      ,
-3.890784      ,
-3.848862      ,
-1.795751      ,
-1.836156      ,
0.095985      ,
0.074669      ,
-0.181364      ,
-0.072735      ,
-0.131618      ,
-0.129598      ,
29.488281      ,
29.345938      ,
29.406625      ,
29.588198      ,
46.754356      ,
51.139083      ,
49.855415      ,
49.463419      ,
49.414370      ,
53.358207      ,
49.632523      ,
50.626726      ,
47.554162      ,
50.911530      ,
48.719480      ,
49.446705      ,
49.211551      ,
49.642280      ,
47.696876      ,
50.073186      ,
42.185750      ,
46.582883      ,
48.881400      ,
55.958658      ,
48.213759      ,
49.052122      ,
48.933669      ,
50.289378      ,
49.756365      ,
50.190663      ,
49.151937      ,
51.696266      ,
47.796421      ,
50.657385      ,
48.500860      ,
49.181256      ,
45.607803 dB,
45.777880 dB,
2.623805 dB,
2.622868 dB,
4.983053 dB,
5.005286 dB,
9.890243 dB,
9.895048 dB,
15.001625 dB,
14.969705 dB,
19.987709 dB,
19.903256 dB,
26.862239 dB,
26.877491 dB,
48.353532 dB,
47.333282 dB,
14.900335 dB,
14.951289 dB,
11.382648 %,
30.943144 %,
40.618236     ,
-13.111927     ,
-14.839495     ,
-5.343168      ,
-6.552388      ,
-6.011485      ,
-3.618465      ,
-12.163979     ,
-9.519772      ,
9.509654      ,
9.619059      ,
9.771133      ,
9.328186      ,
9.284899      ,
8.906214      ,
9.868510      ,
9.394539      ,
6.674825      ,
6.158288      ,
6.365342      ,
6.751831      ,
6.124920      ,
6.501820      ,
6.213460      ,
6.813608      ,
50.756110      ,
57.777878      ,
59.781142      ,
59.665071      ,
56.798961      ,
57.892592      ,
64.292442      ,
58.794814      ,
60.070891      ,
57.774075      ,
57.729915      ,
54.448479      ,
57.371636      ,
54.777001      ,
66.419770      ,
64.038759      ,
39.209420 dB,
39.393747 dB,
2.658735 dB,
2.656393 dB,
4.983302 dB,
4.912280 dB,
9.932816 dB,
10.042128 dB,
14.765540 dB,
14.949155 dB,
19.771380 dB,
20.101054 dB,
26.820274 dB,
26.777444 dB,
46.503251 dB,
47.420982 dB,
21.217962 dB,
21.187027 dB,
17.714488 %,
50.997746 %,
42.638484     ,
-15.767058     ,
-15.935640     ,
-9.349835      ,
-13.815589     ,
-17.428305     ,
-14.843236     ,
-13.205060     ,
-17.965904     ,
-16.479122     ,
-16.839657     ,
-15.779505     ,
-17.197231     ,
-17.680056     ,
-16.806050     ,
7.416221      ,
6.668243      ,
8.128608      ,
7.427421      ,
7.558334      ,
7.168634      ,
7.249348      ,
7.686534      ,
6.767144      ,
8.017730      ,
7.318096      ,
6.871829      ,
6.377001      ,
6.919274      ,
7.533766      ,
8.257260      ,
6.188857      ,
6.782882      ,
6.734331      ,
6.583904      ,
6.617853      ,
7.068616      ,
7.454277      ,
6.443532      ,
6.566551      ,
7.820444      ,
7.285801      ,
7.558549      ,
6.076047      ,
6.513621      ,
6.829076      ,
6.506109      ,
43.370634      ,
42.978056      ,
43.545376      ,
44.335038      ,
58.951886      ,
52.282438      ,
54.644257      ,
52.496868      ,
54.687690      ,
54.224795      ,
52.739754      ,
51.413348      ,
53.921606      ,
55.554737      ,
60.839669      ,
52.659088      ,
53.147686      ,
55.321259      ,
54.614404      ,
55.621532      ,
56.025524      ,
51.957075      ,
52.214150      ,
56.982692      ,
53.072738      ,
55.018381      ,
56.537691      ,
56.731862      ,
54.440135      ,
58.533083      ,
57.763613      ,
53.599877      ,
57.544131      ,
56.222415      ,
60.924617      ,
53.834845      ,
53.267734 dB,
53.094083 dB,
2.752217 dB,
2.762206 dB,
5.161898 dB,
5.170154 dB,
10.023116 dB,
10.032311 dB,
15.073933 dB,
15.112277 dB,
19.806523 dB,
19.765802 dB,
26.717388 dB,
26.850262 dB,
40.945293 dB,
40.738857 dB,
7.760706 dB,
7.826948 dB,
7.218040 %,
14.532876 %,
38.582281     ,
-11.601509     ,
-10.980370     ,
-11.405188     ,
-11.223242     ,
-10.528177     ,
-11.511016     ,
-12.237168     ,
-10.736388     ,
-10.470202     ,
-12.122034     ,
3.940083      ,
3.794093      ,
4.034077      ,
4.240525      ,
4.038330      ,
3.747969      ,
3.908015      ,
3.846188      ,
3.845336      ,
3.802461      ,
3.988590      ,
4.118368      ,
4.039622      ,
4.278471      ,
4.109348      ,
3.859171      ,
5.197346      ,
5.733673      ,
5.600369      ,
5.701483      ,
5.478371      ,
5.401526      ,
5.839814      ,
5.380685      ,
52.138370      ,
57.483356      ,
40.555131      ,
40.106570      ,
48.566650      ,
52.341921      ,
49.749183      ,
50.927460      ,
49.009208      ,
51.496242      ,
50.627956      ,
53.990371      ,
50.857947      ,
51.173696      ,
52.422485      ,
50.578504      ,
51.563319      ,
52.705606      ,
52.581100      ,
43.692290      ,
49.189016      ,
50.508693      ,
49.260704      ,
53.011013      ,
49.706471      ,
52.318455      ,
52.372712      ,
52.008594      ,
51.786050      ,
51.563523      ,
52.765516      ,
52.766266      ,
52.670831 dB,
52.491488 dB,
2.713757 dB,
2.713899 dB,
5.072757 dB,
5.073462 dB,
10.008162 dB,
10.012483 dB,
15.029013 dB,
14.979206 dB,
20.133896 dB,
20.126798 dB,
26.507629 dB,
26.506854 dB,
40.843562 dB,
40.517949 dB,
8.125185 dB,
8.178636 dB,
7.278330 %,
15.430696 %,
38.674751     ,
-8.670171      ,
-13.226840     ,
16.542388      ,
21.573148      ,
17.058122      ,
19.660343      ,
20.947710      ,
19.823918      ,
18.179449      ,
22.303187      ,
58.111307      ,
55.569912      ,
64.045705      ,
58.882034      ,
61.175132      ,
61.474833      ,
59.631768      ,
65.089037      ,
55.646997      ,
60.642229      ,
53.123570 dB,
52.956490 dB,
2.743904 dB,
2.762207 dB,
5.162491 dB,
5.164971 dB,
9.997219 dB,
10.000967 dB,
15.004470 dB,
14.969600 dB,
20.042395 dB,
19.991423 dB,
26.982849 dB,
26.998848 dB,
48.333835 dB,
48.004464 dB,
8.346710 dB,
8.419426 dB,
7.759072 %,
18.083603 %,
39.510224     ,
-14.415324     ,
-14.773109     ,
-14.925473     ,
-14.013824     ,
-0.328255      ,
-0.168940      ,
-0.332405      ,
-0.217692      ,
-0.292237      ,
-0.170465      ,
-0.190880      ,
-0.127541      ,
-0.193589      ,
-0.255317      ,
0.793737      ,
0.916317      ,
0.973921      ,
0.901898      ,
0.832872      ,
0.997358      ,
50.708265      ,
58.838691      ,
52.860675      ,
59.223535      ,
50.715035      ,
59.076199      ,
50.243477      ,
58.351256      ,
49.430394      ,
54.314483      ,
50.423076      ,
59.385385      ,
50.334766      ,
57.798745      ,
48.277526      ,
60.658652      ,
53.831369 dB,
53.665884 dB,
2.793441 dB,
2.808165 dB,
5.232006 dB,
5.249294 dB,
10.294210 dB,
10.294309 dB,
15.333758 dB,
15.340373 dB,
20.540300 dB,
20.548095 dB,
27.814685 dB,
27.742652 dB,
48.144866 dB,
47.973122 dB,
7.838340 dB,
7.811349 dB,
7.698686 %,
16.966339 %,
39.603982     ,
-13.062257     ,
-13.749981     ,
0.452572      ,
-1.806716      ,
-2.448925      ,
-3.370233      ,
-12.006371     ,
-12.860200     ,
-12.659203     ,
-12.547561     ,
-13.530251     ,
-14.911936     ,
-13.625585     ,
-13.967359     ,
-14.012029     ,
-13.692388     ,
-1.228810      ,
-1.228087      ,
-1.213876      ,
-1.202584      ,
-1.259246      ,
-1.259226      ,
-1.235901      ,
-1.288392      ,
-1.267070      ,
-1.215770      ,
-1.273087      ,
-1.242014      ,
-1.291360      ,
-1.199921      ,
-1.206322      ,
-1.149116      ,
-0.033386      ,
0.043223      ,
-0.101967      ,
0.015386      ,
0.443999      ,
0.601089      ,
0.441603      ,
0.569890      ,
0.736677      ,
0.801254      ,
0.633461      ,
0.536382      ,
0.507891      ,
0.634316      ,
0.523070      ,
0.663499      ,
25.034724      ,
25.174186      ,
30.877003      ,
31.188459      ,
55.554914      ,
57.854938      ,
58.871175      ,
57.991293      ,
55.902177      ,
58.797048      ,
56.072557      ,
59.099688      ,
58.230377      ,
61.885029      ,
55.079318      ,
57.434490      ,
53.721831      ,
56.644914      ,
62.322054      ,
58.500818      ,
58.810220      ,
55.949238      ,
55.269176      ,
59.358658      ,
49.228176      ,
49.611759      ,
52.491565      ,
58.330751      ,
56.508107      ,
60.786484      ,
56.329206      ,
64.159380      ,
52.816474      ,
63.372127      ,
54.362683      ,
58.637739      ,
56.990405      ,
65.710842      ,
55.314912      ,
68.407492      ,
56.249151      ,
57.090759      ,
52.185761 dB,
52.020631 dB,
2.759102 dB,
2.771205 dB,
5.191561 dB,
5.209476 dB,
10.222061 dB,
10.221158 dB,
15.082412 dB,
15.100083 dB,
20.578821 dB,
20.566768 dB,
27.412769 dB,
27.408149 dB,
48.239991 dB,
47.935176 dB,
8.999122 dB,
8.798478 dB,
7.848382 %,
18.612005 %,
38.529914     ,
-10.203684     ,
-10.536222     ,
1.392893      ,
1.260397      ,
0.808647      ,
0.595046      ,
58.897203      ,
53.163915      ,
64.891466      ,
52.732434      ,
58.597045      ,
52.795477      ,
56.011834 dB,
55.783078 dB,
2.597919 dB,
2.589048 dB,
4.918404 dB,
4.908300 dB,
10.029846 dB,
10.040028 dB,
15.051306 dB,
15.038360 dB,
20.106630 dB,
20.111325 dB,
26.561624 dB,
26.556157 dB,
49.175544 dB,
48.379070 dB,
6.869798 dB,
7.036184 dB,
7.472966 %,
16.713943 %,
37.423304     ,
-7.629252      ,
-10.200942     ,
-10.024290     ,
-11.685025     ,
-9.666926      ,
-8.660561      ,
-10.880494     ,
-9.279538      ,
-11.438053     ,
-10.566478     ,
-11.386111     ,
-11.529864     ,
-11.013861     ,
-10.336803     ,
-9.619901      ,
-9.319914      ,
-10.777398     ,
-9.941407      ,
-3.311830      ,
-3.271408      ,
-3.319894      ,
-3.252362      ,
-1.374864      ,
-1.417996      ,
-1.353902      ,
-1.433290      ,
-1.349063      ,
-1.549270      ,
-1.392396      ,
-1.365926      ,
54.375440      ,
57.439848      ,
51.742365      ,
52.472933      ,
53.294128      ,
58.125978      ,
60.022470      ,
59.862418      ,
54.690497      ,
59.515310      ,
58.341331      ,
56.578552      ,
56.279764      ,
54.645570      ,
61.834812      ,
55.981468      ,
48.451062      ,
49.791553      ,
56.963840      ,
55.864416      ,
57.163050      ,
56.683768      ,
57.528065      ,
58.885619      ,
55.496172      ,
59.712342      ,
58.304887      ,
55.265990      ,
51.599447 dB,
51.299593 dB,
2.607225 dB,
2.611546 dB,
4.937406 dB,
4.966470 dB,
9.996224 dB,
10.002207 dB,
15.093609 dB,
15.109981 dB,
20.320626 dB,
20.385773 dB,
26.953748 dB,
26.924717 dB,
46.841321 dB,
46.629803 dB,
8.945497 dB,
9.024587 dB,
7.954140 %,
18.351036 %,
35.697131     ,
-11.929721     ,
-10.431676     ,
-4.277213      ,
-6.143456      ,
-9.570117      ,
-9.314011      ,
-9.268864      ,
-9.096662      ,
47.844599 dB,
47.587310 dB,
2.586064 dB,
2.574477 dB,
4.986833 dB,
4.982143 dB,
10.011323 dB,
9.981344 dB,
14.840583 dB,
14.857413 dB,
20.031013 dB,
20.007012 dB,
26.795118 dB,
26.921667 dB,
47.391452 dB,
47.256526 dB,
12.194867 dB,
12.271214 dB,
8.995431 %,
21.181507 %,
39.185904     ,
-12.436001     ,
-11.747673     ,
-4.628749      ,
-5.140712      ,
-5.273393      ,
-4.520014      ,
-8.636399      ,
-11.355868     ,
-11.464920     ,
-8.754152      ,
-8.769029      ,
-13.402189     ,
55.738658      ,
54.609731      ,
49.340947 dB,
49.001748 dB,
2.652306 dB,
2.650428 dB,
4.980804 dB,
4.980609 dB,
9.857664 dB,
9.829581 dB,
15.047872 dB,
15.044416 dB,
19.897517 dB,
19.928860 dB,
26.411503 dB,
26.494897 dB,
45.507200 dB,
44.542208 dB,
10.571752 dB,
10.736649 dB,
8.207130 %,
18.065451 %,
35.196966     ,
-12.191977     ,
-9.585891      ,
-11.708421     ,
-10.829073     ,
-13.797681     ,
-10.437348     ,
-11.393562     ,
-11.300835     ,
-11.828543     ,
-10.665994     ,
-20.657313      ,
-20.364404      ,
-22.729713      ,
-22.483446      ,
-28.158076      ,
-28.148298      ,
-43.051979      ,
-43.080046      ,
-20.513792      ,
-20.215024      ,
-21.601183      ,
-21.292893      ,
-49.374182      ,
-49.315243      ,
-20.140787      ,
-19.837200      ,
-25.705025      ,
-25.665499      ,
-36.833670      ,
-36.809665      ,
-20.556137      ,
-20.255416      ,
-20.544441      ,
-20.251610      ,
-20.557690      ,
-20.261202      ,
-48.506346      ,
-48.477135      ,
-64.857393      ,
-64.785399      ,
-50.673269      ,
-50.632118      ,
-33.919400      ,
-33.889527      ,
-45.805071      ,
-45.647338      ,
-103.751438     ,
-103.095406     ,
-99.333716      ,
-106.243716     ,
-108.297455     ,
-109.614211     ,
-98.465885      ,
-102.610565     ,
,
,
,
,
,
,
,
,
,
,
,
,
,
,
,
,
,
,
,
,
,
,
,
,
,
,
,
,
,
,
,
,
,
,
,
,
,
,
,
,
50.673744 dB,
50.496911 dB,
2.676331 dB,
2.686266 dB,
5.031464 dB,
5.044425 dB,
9.856099 dB,
9.870396 dB,
14.626654 dB,
14.607907 dB,
19.759705 dB,
19.768124 dB,
25.716273 dB,
25.817385 dB,
40.791256 dB,
41.556906 dB,
10.333709 dB,
10.209384 dB,
7.363409 %,
16.180449 %,
38.232461     ,
1.174380     ,
2.265436     ,
30.597890     ,
27.910983     ,
28.801642     ,
27.850944     ,
85.670896     ,
93.053638     ,
85.784732     ,
83.546903     ,
87.096248     ,
88.117197     ,
,
,
,
,
,
,
,
,
,
,
,
,
,
,
,
,
,
,
,
,
,
,
,
,
,
,
,
,
,
,
,
,
,
,
,
,
,
,
,
,
,
,
,
,
,
,
,
,
,
,
,
,
,
,
,
,
,
,
,
,
,
,
,
,
,
,
,
,
,
,
,
,
,
,
,
,
,
,
,
,
44.648753 dB,
44.755302 dB,
2.560651 dB,
2.569186 dB,
4.897483 dB,
4.888725 dB,
9.883901 dB,
9.911724 dB,
14.893346 dB,
14.879157 dB,
20.068520 dB,
20.081513 dB,
26.170577 dB,
26.210167 dB,
42.826242 dB,
42.652129 dB,
15.021079 dB,
15.011680 dB,
39.755852     ,
-13.241939     ,
-11.317433     ,
-8.293384      ,
-12.353773     ,
-8.996418      ,
-12.892886     ,
-11.343547     ,
-11.978090     ,
19.724756      ,
18.452702      ,
20.652013      ,
17.952497      ,
19.073269      ,
17.359458      ,
18.815208      ,
16.958897      ,
19.031653      ,
17.111709      ,
17.086596      ,
17.147514      ,
61.896730      ,
58.607456      ,
64.697233      ,
61.029747      ,
63.909409      ,
66.208545      ,
64.336325      ,
71.740721      ,
67.715377      ,
67.750398      ,
65.969746      ,
66.078467      ,
63.539238      ,
63.397123      ,
65.443114      ,
70.347903      ,
68.192274      ,
69.037582      ,
65.434660      ,
68.202608      ,
,
,
,
,
,
,
,
,
,
,
,
,
,
,
,
,
,
,
,
,
,
,
,
,
,
,
,
,
,
,
,
,
,
,
,
,
,
,
,
,
41.308872 dB,
41.422418 dB,
2.480935 dB,
2.480702 dB,
4.802857 dB,
4.813346 dB,
9.778913 dB,
9.818142 dB,
14.725807 dB,
14.716603 dB,
19.903795 dB,
19.835403 dB,
26.057910 dB,
26.346252 dB,
41.823641 dB,
42.167708 dB,
17.802674 dB,
17.688766 dB,
10.430547 %,
26.049032 %,
38.804449     ,
-14.823091     ,
-14.937098     ,
-12.546078     ,
-13.761987     ,
20.243806      ,
15.550044      ,
17.741890      ,
16.032603      ,
17.296570      ,
16.935849      ,
16.341486      ,
16.928766      ,
65.016131      ,
61.282783      ,
60.295992      ,
63.378472      ,
60.557338      ,
60.111699      ,
64.342974      ,
62.704722      ,
65.429967      ,
61.555903      ,
67.552238      ,
62.356342      ,
,
,
,
,
,
,
,
,
,
,
,
,
,
,
,
,
,
,
,
,
,
,
,
,
,
,
,
,
,
,
,
,
,
,
,
,
,
,
,
,
38.479973 dB,
38.525799 dB,
2.576796 dB,
2.572091 dB,
4.882071 dB,
4.924358 dB,
9.686451 dB,
9.786873 dB,
14.715422 dB,
14.593892 dB,
19.162420 dB,
19.529687 dB,
25.889828 dB,
25.769161 dB,
41.784723 dB,
39.860730 dB,
20.675070 dB,
20.697332 dB,
11.698935 %,
31.092436 %,
46.645746     ,
-12.505502     ,
-15.626890     ,
16.318309      ,
16.162540      ,
14.736975      ,
14.936746      ,
16.824924      ,
15.045634      ,
15.863206      ,
13.851745      ,
62.494287      ,
60.547310      ,
63.995812      ,
56.819799      ,
61.159422      ,
66.397661      ,
,
,
,
,
,
,
,
,
,
,
,
,
,
,
,
,
,
,
,
,
,
,
,
,
,
,
,
,
,
,
,
,
,
,
,
,
,
,
,
,
51.570331 dB,
51.692184 dB,
2.552456 dB,
2.540011 dB,
4.855482 dB,
4.848518 dB,
9.724502 dB,
9.706547 dB,
14.639876 dB,
14.614673 dB,
19.683443 dB,
19.714558 dB,
26.149628 dB,
26.100713 dB,
41.493371 dB,
41.644007 dB,
17.087845 dB,
17.120746 dB,
999.000000 %,
999.000000 %,
-41.109695     ,
-7.409941     ,
-8.039001     ,
-8.852666     ,
-8.871692     ,
-9.531811     ,
-7.685044     ,
-8.312941     ,
-7.059812     ,
-7.578931     ,
-9.464683     ,
-7.849376     ,
-8.760943     ,
-9.126153     ,
-6.920940     ,
20.181448     ,
19.650411     ,
21.634210     ,
17.924537     ,
21.076760     ,
21.178206     ,
19.464445     ,
18.235078     ,
22.280615     ,
20.886060     ,
20.376626     ,
18.741528     ,
19.435084     ,
18.344435     ,
19.465167     ,
18.755761     ,
21.674909     ,
22.521139     ,
19.652785     ,
19.630544     ,
17.878986     ,
21.180163     ,
17.235474     ,
17.465514     ,
18.048831     ,
18.173979     ,
19.172546     ,
17.409561     ,
17.331077     ,
17.846386     ,
18.437859     ,
17.284181     ,
66.402582     ,
67.206416     ,
66.184551     ,
65.947123     ,
74.465840     ,
72.362832     ,
71.049239     ,
69.477826     ,
75.473430     ,
71.896006     ,
68.540273     ,
70.901496     ,
73.641823     ,
70.955990     ,
74.350461     ,
69.847577     ,
71.963587     ,
70.679083     ,
76.718955     ,
73.204621     ,
76.111761     ,
70.236780     ,
74.469855     ,
71.744941     ,
74.730595     ,
71.732167     ,
72.594802     ,
71.706361     ,
69.463177     ,
70.030711     ,
67.383487     ,
76.320725     ,
69.235584     ,
68.314183     ,
72.468160     ,
72.478566     ,
71.048190     ,
70.390750     ,
72.513510     ,
68.251170     ,
,
,
,
,
,
,
,
,
,
,
,
,
,
,
,
,
,
,
,
,
,
,
,
,
,
,
,
,
,
,
,
,
,
,
,
,
,
,
,
,
47.193040 dB,
47.315207 dB,
2.521831 dB,
2.533183 dB,
4.813467 dB,
4.789136 dB,
9.694397 dB,
9.672998 dB,
14.783384 dB,
14.790427 dB,
19.691522 dB,
19.793341 dB,
26.665917 dB,
26.584044 dB,
41.616911 dB,
41.181766 dB,
70.376666 dB,
71.116268 dB,
999.000000 %,
999.000000 %,
10.492882     ,
-3.651527     ,
-1.987562     ,
,
,
,
,
,
,
,
,
,
,
,
,
,
,
,
,
,
,
,
,
,
,
,
,
,
,
,
,
,
,
,
,
,
,
,
,
,
,
,
,
53.336535 dB,
53.396903 dB,
2.560846 dB,
2.527525 dB,
4.855646 dB,
4.802972 dB,
9.816491 dB,
9.714535 dB,
14.616203 dB,
14.486162 dB,
19.552250 dB,
19.366018 dB,
25.687841 dB,
25.633630 dB,
41.475475 dB,
41.888664 dB,
11.451475 dB,
11.375034 dB,
-5.248889     ,
-7.855508     ,
-7.801058     ,
-8.731318     ,
,
,
,
,
,
,
,
,
,
,
,
,
,
,
,
,
,
,
,
,
,
,
,
,
,
,
,
,
,
,
,
,
,
,
,
,
,
,
,
,
26.409602 dB,
26.545656 dB,
2.532597 dB,
2.631757 dB,
4.964457 dB,
4.958276 dB,
9.612350 dB,
9.794505 dB,
14.226591 dB,
14.815127 dB,
18.210576 dB,
19.128992 dB,
25.795564 dB,
26.231714 dB,
37.240197 dB,
36.829081 dB,
32.342393 dB,
32.372963 dB,
37.347045 %,
100.558807 %,
41.702148     ,
-22.949584     ,
-20.525606     ,
-84.910136     ,
-83.399613     ,
-90.909313     ,
-88.736503     ,
-94.874067     ,
-92.613050     ,
-89.930539     ,
-86.728635     ,
-76.334249     ,
-75.372810     ,
-79.499515     ,
-83.892377     ,
-83.846278     ,
-79.463367     ,
-75.798740     ,
-77.695177     ,
-82.871513     ,
-82.008886     ,
-82.511816     ,
-80.210103     ,
-80.780161     ,
-79.344333     ,
-80.121920     ,
-76.432206     ,
-77.286675     ,
-80.624320     ,
-88.624364     ,
-80.729124     ,
-87.755831     ,
-85.459909     ,
-80.529114     ,
-80.475998     ,
-84.982688     ,
-77.505157     ,
-82.987688     ,
-81.583376     ,
-81.589452     ,
-76.842473     ,
-80.221031     ,
-81.563689     ,
-89.900474     ,
-88.909649     ,
-75.944826     ,
-85.532695     ,
,
,
,
,
,
,
,
,
,
,
,
,
,
,
,
,
,
,
,
,
,
,
,
,
,
,
,
,
,
,
,
,
,
,
,
,
,
,
,
,
43.199361 dB,
43.461383 dB,
2.524398 dB,
2.514699 dB,
4.784055 dB,
4.789615 dB,
9.683716 dB,
9.713524 dB,
14.673505 dB,
14.664040 dB,
19.558434 dB,
19.563490 dB,
25.847795 dB,
25.681966 dB,
39.602029 dB,
40.086837 dB,
15.429897 dB,
15.095303 dB,
999.000000 %,
999.000000 %,
-37.095134     ,
-12.617034     ,
-13.430482     ,
-54.675210      ,
-54.612290      ,
-54.760204      ,
-54.627336      ,
-54.551228      ,
-54.641670      ,
-55.476266      ,
-55.559229      ,
-64.424522      ,
-64.677686      ,
-74.519674      ,
-74.536950      ,
-100.926788     ,
-97.106317      ,
-90.309910      ,
-87.875320      ,
-99.393399      ,
-94.949273      ,
-92.741733      ,
-93.481954      ,
-55.770196      ,
-55.803229      ,
-55.795780      ,
-55.851396      ,
-55.785262      ,
-55.812880      ,
-74.763872      ,
-74.486728      ,
-89.378672      ,
-92.903716      ,
-94.678042      ,
-98.524885      ,
-84.804872      ,
-84.164978      ,
-93.667428      ,
-93.939853      ,
-97.512033      ,
-99.747982      ,
-97.120233      ,
-100.661994     ,
-98.657514      ,
-96.767784      ,
-89.249942      ,
-93.200659      ,
,
,
,
,
,
,
,
,
,
,
,
,
,
,
,
,
,
,
,
,
,
,
,
,
,
,
,
,
,
,
,
,
,
,
,
,
,
,
,
,
6.215508 dBm,
6.222444 dBm,
6.189163 dBm,
5.384908      ,
-44.325432     ,
-58.144559     ,
5.459551      ,
0.943964      ,
-64.214967     ,
-65.462543     ,
-29.319720     ,
6.241442 dBm,
6.207580 dBm,
6.477560 dBm,
5.672851      ,
-44.539525     ,
-60.373649     ,
5.750746      ,
0.833812      ,
-65.937685     ,
-66.574826     ,
-28.982138     ,
1.519365 dBm,
1.023929 dBm,
1.367134 dBm,
0.564173      ,
-63.533447     ,
-96.046044     ,
0.662920      ,
0.476126      ,
-67.392536     ,
-66.881498     ,
-28.885369     ,
1.273528 dBm,
1.158045 dBm,
1.298212 dBm,
0.494950      ,
-65.102232     ,
-94.028195     ,
0.610237      ,
0.484579      ,
-66.744278     ,
-66.680883     ,
-29.080700     ,
2.185690 dBm,
1.575140 dBm,
1.969012 dBm,
0.746439     ,
1.512654     ,
3.712654     ,
4.800000    ,
0.227978      ,
-51.514430     ,
-50.787647     ,
1.972315 dBm,
2.039829 dBm,
2.135114 dBm,
0.928407     ,
1.489972     ,
3.689972     ,
4.800000    ,
0.394826      ,
-51.336997     ,
-50.834762     ,
-0.014142 dBm,
-0.054642 dBm,
0.008391 dBm,
-1.225558     ,
2.491691     ,
4.091691     ,
5.400000    ,
-1.734974      ,
-47.462495     ,
-49.315663     ,
0.879601 dBm,
0.888941 dBm,
0.821700 dBm,
-0.379373     ,
1.564072     ,
3.764072     ,
4.800000    ,
-0.894263      ,
-52.153490     ,
-51.958844     ,
1.564885 dBm,
1.609049 dBm,
1.581870 dBm,
0.410558     ,
1.731964     ,
3.931964     ,
4.800000    ,
-0.116858      ,
-52.756385     ,
-52.424118     ,
0.040772 dBm,
0.035708 dBm,
0.033706 dBm,
-1.203027     ,
2.563963     ,
4.763963     ,
4.800000    ,
-1.714053      ,
-47.305266     ,
-49.054461     ,
1.831217 dBm,
1.706012 dBm,
1.734390 dBm,
0.931710      ,
-59.386261     ,
-92.154908     ,
0.047940     ,
5.622406     ,
7.222406     ,
5.400000    ,
0.125677      ,
-49.063174     ,
-46.934518     ,
-53.583484     ,
-52.584377     ,
-47.124482     ,
-45.324832     ,
0.857592 mA,
27.276045 mA,
0.243150 mA,
3.116380 mA,
0.422416 mA,
-0.182464 mA,
21.827901 mA,
26.259467 mA,
79.820487 mA,
1.681555 dBm,
1.365368 dBm,
1.644527 dBm,
0.840740       ,
-59.272161      ,
-101.948281     ,
-30.747508     ,
19.514223      ,
21.114223      ,
5.400000     ,
-30.625411     ,
-18.054326     ,
-18.566825     ,
-20.428762     ,
-20.752107     ,
-15.305352     ,
-15.817455     ,
0.842061 dBm,
0.712097 dBm,
0.752329 dBm,
-0.052808       ,
-65.003693      ,
-101.034693     ,
-0.958058     ,
6.167067     ,
7.767067     ,
5.400000    ,
-0.847168      ,
-50.158276     ,
-47.288926     ,
-53.191518     ,
-52.169994     ,
-47.773949     ,
-45.455421     ,
1.647004 dBm,
2.240846 dBm,
1.462292 dBm,
0.679705      ,
-59.006218     ,
-99.763714     ,
-0.203418     ,
5.586708     ,
7.786708     ,
4.800000    ,
-0.081766      ,
-49.089789     ,
-46.587987     ,
-53.350280     ,
-52.157876     ,
-47.106471     ,
-44.958322     ,
-0.020520 dBm,
-0.051545 dBm,
0.005962 dBm,
-0.797283      ,
-61.954633     ,
-85.974702     ,
-31.712377     ,
21.091816      ,
23.291816      ,
4.800000     ,
-31.430189     ,
-18.373317     ,
-17.981521     ,
-20.482695     ,
-20.085921     ,
-15.520119     ,
-15.189949     ,
0.776646 dBm,
0.785450 dBm,
0.715952 dBm,
-0.086866       ,
-61.213633      ,
-100.945566     ,
-0.895399     ,
5.947414     ,
8.147414     ,
4.800000    ,
-0.683117      ,
-49.748505     ,
-46.187751     ,
-54.561503     ,
-52.466538     ,
-47.912736     ,
-44.639401     ,
1.468601 dBm,
1.513885 dBm,
1.486941 dBm,
0.682117      ,
-60.706203     ,
-93.056676     ,
-31.995544     ,
20.015736      ,
22.215736      ,
4.800000     ,
-31.790148     ,
-18.080360     ,
-18.167477     ,
-20.203739     ,
-19.802374     ,
-15.263363     ,
-15.207390     ,
-0.334186 dBm,
0.350093 dBm,
0.128209 dBm,
-0.675690      ,
-60.748783     ,
-92.333989     ,
-30.685397     ,
21.625952      ,
23.225952      ,
5.400000     ,
-30.495304     ,
-18.677667     ,
-17.647630     ,
-20.656503     ,
-20.216334     ,
-15.760209     ,
-15.056175     ,
0.144969 dBm,
0.016408 dBm,
0.059999 dBm,
-0.744185      ,
-59.604684     ,
-84.135951     ,
-1.602167     ,
6.138735     ,
8.338735     ,
4.800000    ,
-1.393121      ,
-47.848751     ,
-45.293567     ,
-54.576305     ,
-52.695700     ,
-46.367072     ,
-43.955701     ,
0.167265 dBm,
0.377472 dBm,
0.335343 dBm,
-0.472427      ,
-60.812187     ,
-92.787206     ,
-1.293575     ,
5.472914     ,
7.672914     ,
4.800000    ,
-1.210406      ,
-47.551392     ,
-44.613009     ,
-53.725818     ,
-51.759883     ,
-45.963666     ,
-43.211182     ,
-3.529259 dBm,
-6.029908 dBm,
-4.483660 dBm,
-5.293254      ,
-69.531772     ,
-92.553275     ,
-25.860115     ,
20.067768      ,
22.567768      ,
4.500000     ,
-25.653184     ,
-19.179707     ,
-18.459754     ,
-21.161246     ,
-21.235674     ,
-16.287171     ,
-15.934363     ,
