//  TRX,  INT,   STRING, STRING,      INT,double,#   STRING,   int, double_Ary, double_Ary,double_Ary,double_Ary,double_Ary,STRING,string
//RX|TX,mBand,port_name,BB_Path,RXPLL_sel,inLoss,#  test_Type, burst,       pow1,       pow2,     freq1,     freq2,  baseband, mType,mGainReg,,
,
RX,11,DRX_HB1,B,2,0
,,,,,,IIP,19,IIP3_IB_4G_1.4M,4G-1.4MHz,-50,,1483e6,1480.3e6,0.2,0x8383
,,,,,,,,IIP3_IB_4G_5M,4G-5MHz,-50,,1475.8e6,1465.9e6,0.2,0x8383
,,,,,,,,IIP3_IB_4G_10M,4G-10MHz,-50,,1473.3e6,1460.9e6,0.2,0x8383
,,,,,,,,IIP3_IB_4G_15M,4G-15MHz,-50,,1470.8e6,1455.9e6,0.2,0x8383
,,,,,,,,IIP3_IB_4G_20M,4G-20MHz,-50,,1468.3e6,1450.9e6,0.2,0x8383
,,,,,,,,IIP3_OB_HDUP_4G_1.4M,4G-1.4MHz,-30,,1462e6,1437.9e6,0.2,0x8383
,,,,,,,,IIP3_OB_HDUP_4G_5M,4G-5MHz,-30,,1462e6,1437.9e6,0.2,0x8383
,,,,,,,,IIP3_OB_HDUP_4G_10M,4G-10MHz,-30,,1462e6,1437.9e6,0.2,0x8383
,,,,,,,,IIP3_OB_HDUP_4G_15M,4G-15MHz,-30,,1462e6,1437.9e6,0.2,0x8383
,,,,,,,,IIP3_OB_HDUP_4G_20M,4G-20MHz,-30,,1462e6,1437.9e6,0.2,0x8383
,,,,,,,,IIP3_OB_2DUP_4G_1.4M,4G-1.4MHz,-30,,1390e6,1437.9e6,0.1,0x8383
,,,,,,,,IIP3_OB_2DUP_4G_5M,4G-5MHz,-30,,1390e6,1437.9e6,0.1,0x8383
,,,,,,,,IIP3_OB_2DUP_4G_10M,4G-10MHz,-30,,1390e6,1437.9e6,0.1,0x8383
,,,,,,,,IIP3_OB_2DUP_4G_15M,4G-15MHz,-30,,1390e6,1437.9e6,0.1,0x8383
,,,,,,,,IIP3_OB_2DUP_4G_20M,4G-20MHz,-30,,1390e6,1437.9e6,0.1,0x8383
,,,,,,,,IIP2_OB_4G_1.4M,4G-1.4MHz,-30,,1438e6,1437.9e6,0.1,0x8080
,,,,,,,,IIP2_OB_4G_5M,4G-5MHz,-30,,1438e6,1437.9e6,0.1,0x8080
,,,,,,,,IIP2_OB_4G_10M,4G-10MHz,-30,,1438e6,1437.9e6,0.1,0x8080
,,,,,,,,IIP2_OB_4G_20M,4G-20MHz,-30,,1438e6,1437.9e6,0.1,0x8080
,,,,,,GAIN,11,GAIN_3G-SC_MAX,3G-SC,-70,,1486e6,1485.9e6,0.1,0x0
,,,,,,,,GSTEP_3G-SC_LNA_3DB,3G-SC,-70,,1486e6,1485.9e6,0.1,0x1010
,,,,,,,,GSTEP_3G-SC_LNA_6DB,3G-SC,-70,,1486e6,1485.9e6,0.1,0x2020
,,,,,,,,GSTEP_3G-SC_LNA_12DB,3G-SC,-70,,1486e6,1485.9e6,0.1,0x3030
,,,,,,,,GSTEP_3G-SC_LNA_18DB,3G-SC,-70,,1486e6,1485.9e6,0.1,0x4040
,,,,,,,,GSTEP_3G-SC_LNA_24DB,3G-SC,-70,,1486e6,1485.9e6,0.1,0x5050
,,,,,,,,GSTEP_3G-SC_LNA_30DB,3G-SC,-70,,1486e6,1485.9e6,0.1,0x6060
,,,,,,,,GSTEP_3G-SC_LNA_42DB,3G-SC,-70,,1486e6,1485.9e6,0.1,0x7070
,,,,,,,,GAIN_2G_AGC1,2G,-70,,1486e6,1485.9e6,0.1,0x0
,,,,,,,,GAIN_3G-SC_AGC1,3G-SC,-70,,1486e6,1485.9e6,0.1,0x101
,,,,,,,,GAIN_4G_AGC1,4G,-70,,1486e6,1485.9e6,0.1,0x303
,,,,,,NF,1,NF_3G-SC,3G-SC,-70,,1486e6,24,0.1,2
,,,,,,EVM,2,EVMrms_3G-SC,3G-SC,-28,,1485.9e6,24,0.1,2
,,,,,,,,EVMpeak_3G-SC,3G-SC,-28,,1485.9e6,24,0.1,2
,,,,,,IR,1,IR_3G-SC,3G-SC,-28,,1486e6,24,0.1,2
,,,,,,DCOS,3,VDCOS_3G_SC_UNCAL,3G-SC,,,24,24,0,2
,,,,,,,,VDCOS_3G_SC_CAL,3G-SC,,,24,24,0,2
,,,,,,,,VDCOS_3G_SC_CALRANGE,3G-SC,,,24,24,0,2
,,,,,,IIP_CAL3,1,IIP2_OB_CAL_3G,3G-SC,-30,,1438e6,1437.9e6,0.1,0
,,,,,,IIP_CAL9,1,IIP2_OB_CAL_3G,3G-SC,-30,,1438e6,1437.9e6,0.1,0
RX,11,MRX_HB1,A,2,0
,,,,,,IIP,27,IIP3_IB_3G-SC,3G-SC,-50,,1482.4e6,1480e6,1.1,0x8181
,,,,,,,,IIP3_IB_3G-DC,3G-DC,-50,,1479.9e6,1477.5e6,3.6,0x9494
,,,,,,,,IIP3_IB_4G_1.4M,4G-1.4MHz,-50,,1483e6,1480.3e6,0.2,0x8383
,,,,,,,,IIP3_IB_4G_5M,4G-5MHz,-50,,1475.8e6,1465.9e6,0.2,0x8383
,,,,,,,,IIP3_IB_4G_10M,4G-10MHz,-50,,1473.3e6,1460.9e6,0.2,0x8383
,,,,,,,,IIP3_IB_4G_15M,4G-15MHz,-50,,1470.8e6,1455.9e6,0.2,0x8383
,,,,,,,,IIP3_IB_4G_20M,4G-20MHz,-50,,1468.3e6,1450.9e6,0.2,0x8383
,,,,,,,,IIP3_OB_HDUP_3G-SC,3G-SC,-30,,1462e6,1437.9e6,0.2,0x8181
,,,,,,,,IIP3_OB_HDUP_3G-DC,3G-DC,-30,,1462e6,1437.9e6,0.2,0x8181
,,,,,,,,IIP3_OB_HDUP_4G_1.4M,4G-1.4MHz,-30,,1462e6,1437.9e6,0.2,0x8181
,,,,,,,,IIP3_OB_HDUP_4G_5M,4G-5MHz,-30,,1462e6,1437.9e6,0.2,0x8181
,,,,,,,,IIP3_OB_HDUP_4G_10M,4G-10MHz,-30,,1462e6,1437.9e6,0.2,0x8181
,,,,,,,,IIP3_OB_HDUP_4G_15M,4G-15MHz,-30,,1462e6,1437.9e6,0.2,0x8181
,,,,,,,,IIP3_OB_HDUP_4G_20M,4G-20MHz,-30,,1462e6,1437.9e6,0.2,0x8383
,,,,,,,,IIP3_OB_2DUP_3G-SC,3G-SC,-30,,1390e6,1437.9e6,0.1,0x8181
,,,,,,,,IIP3_OB_2DUP_3G-DC,3G-DC,-30,,1390e6,1437.9e6,0.1,0x8181
,,,,,,,,IIP3_OB_2DUP_4G_1.4M,4G-1.4MHz,-30,,1390e6,1437.9e6,0.1,0x8181
,,,,,,,,IIP3_OB_2DUP_4G_5M,4G-5MHz,-30,,1390e6,1437.9e6,0.1,0x8383
,,,,,,,,IIP3_OB_2DUP_4G_10M,4G-10MHz,-30,,1390e6,1437.9e6,0.1,0x8383
,,,,,,,,IIP3_OB_2DUP_4G_15M,4G-15MHz,-30,,1390e6,1437.9e6,0.1,0x8383
,,,,,,,,IIP3_OB_2DUP_4G_20M,4G-20MHz,-30,,1390e6,1437.9e6,0.1,0x8383
,,,,,,,,IIP2_OB_3G-SC,3G-SC,-30,,1438e6,1437.9e6,0.1,0x8080
,,,,,,,,IIP2_OB_3G-DC,3G-DC,-30,,1438e6,1437.9e6,0.1,0x8080
,,,,,,,,IIP2_OB_4G_1.4M,4G-1.4MHz,-30,,1438e6,1437.9e6,0.1,0x8080
,,,,,,,,IIP2_OB_4G_5M,4G-5MHz,-30,,1438e6,1437.9e6,0.1,0x8080
,,,,,,,,IIP2_OB_4G_10M,4G-10MHz,-30,,1438e6,1437.9e6,0.1,0x8080
,,,,,,,,IIP2_OB_4G_20M,4G-20MHz,-30,,1438e6,1437.9e6,0.1,0x8080
,,,,,,GAIN,11,GAIN_3G-SC_MAX,3G-SC,-70,,1486e6,1485.9e6,0.1,0x0
,,,,,,,,GSTEP_3G-SC_LNA_3DB,3G-SC,-70,,1486e6,1485.9e6,0.1,0x1010
,,,,,,,,GSTEP_3G-SC_LNA_6DB,3G-SC,-70,,1486e6,1485.9e6,0.1,0x2020
,,,,,,,,GSTEP_3G-SC_LNA_12DB,3G-SC,-70,,1486e6,1485.9e6,0.1,0x3030
,,,,,,,,GSTEP_3G-SC_LNA_18DB,3G-SC,-70,,1486e6,1485.9e6,0.1,0x4040
,,,,,,,,GSTEP_3G-SC_LNA_24DB,3G-SC,-70,,1486e6,1485.9e6,0.1,0x5050
,,,,,,,,GSTEP_3G-SC_LNA_30DB,3G-SC,-70,,1486e6,1485.9e6,0.1,0x6060
,,,,,,,,GSTEP_3G-SC_LNA_42DB,3G-SC,-70,,1486e6,1485.9e6,0.1,0x7070
,,,,,,,,GAIN_2G_AGC1,2G,-70,,1486e6,1485.9e6,0.1,0x0
,,,,,,,,GAIN_3G-SC_AGC1,3G-SC,-70,,1486e6,1485.9e6,0.1,0x101
,,,,,,,,GAIN_4G_AGC1,4G-10M,-70,,1486e6,1485.9e6,0.1,0x303
,,,,,,NF,1,NF_3G-SC,3G-SC,-70,,1486e6,23,0.1,2
,,,,,,EVM,2,EVMrms_3G-SC,3G-SC,-28,,1485.9e6,23,0.1,2
,,,,,,,,EVMpeak_3G-SC,3G-SC,-28,,1485.9e6,23,0.1,2
,,,,,,IR,1,IR_3G-SC,3G-SC,-28,,1486e6,23,0.1,2
,,,,,,DCOS,3,VDCOS_3G_SC_UNCAL,3G-SC,,,23,23,0,2
,,,,,,,,VDCOS_3G_SC_CAL,3G-SC,,,23,23,0,2
,,,,,,,,VDCOS_3G_SC_CALRANGE,3G-SC,,,23,23,0,2
,,,,,,IIP_CAL3,1,IIP2_OB_CAL_3G,3G-SC,-30,,1438e6,1437.9e6,0.1,0
,,,,,,IIP_CAL9,1,IIP2_OB_CAL_3G,3G-SC,-30,,1438e6,1437.9e6,0.1,0
RX,7,TXFB_1,A,2,0
,,,,,,GAINSWEEP,41,APCSweep,,-30,,2535.1e6,,0.1,0x0
,,,,,,,,,,10,,,,0.1,
,,,,,,,,,,1,,,,0.1,
,,,,,,GAIN,3,GAIN,3G-SC,4,,2535.1e6,,0.1,
,,,,,,,,GAIN_MID,3G-SC,4,,2535.1e6,,0.1,
,,,,,,,,GAIN_MIN,3G-SC,4,,2535.1e6,,0.1,
,,,,,,NF,1,NF_3G-SC,3G-SC,4,,2535.1e6,0,0.1,2
,,,,,,IIP,3,IIP3_IB_3G,3G-SC,1,,2527e6,2525e6,6,0
,,,,,,,,IIP2_IB_4G_20M,4G-20M,1,,2527e6,2525e6,2,0
,,,,,,,,IIP3_OOB_3G,3G-SC,4,,2526e6,2545e6,8,0
,,,,,,DCOS,3,VDCOS_3G_SC_UNCAL,3G-SC,,,18,18,0,2
,,,,,,,,VDCOS_3G_SC_CAL,3G-SC,,,18,18,0,2
,,,,,,,,VDCOS_3G_SC_CALRANGE,3G-SC,,,18,18,0,2
,,,,,,EVM,2,EVMrms_4G-10M,4G-10M,4,,2535e6,18,0.1,2
,,,,,,,,EVMpeak_4G-10M,4G-10M,-4,,2535e6,18,0.1,2
,,,,,,IR,1,IR_3G-SC,3G-SC,4,,2535.1e6,18,0.1,2
RX,7,MRX_HB6,C,1,0
,,,,,,IIP,9,IIP3_IB_4G_10M,4G-10MHz,-50,,2642.4e6,2630e6,0.2,0x8383
,,,,,,,,IIP3_IB_4G_20M,4G-20MHz,-50,,2637.4e6,2620e6,0.2,0x8383
,,,,,,,,IIP3_IB_4G_40M,4G-40MHz,-50,,2627.4e6,2600e6,0.2,0xa3a3
,,,,,,,,IIP3_OB_HDUP_4G_20M,4G-20MHz,-30,,2595.1e6,2535e6,0.2,0x8383
,,,,,,,,IIP3_OB_HDUP_4G_40M,4G-40MHz,-30,,2595.1e6,2535e6,0.2,0x8383
,,,,,,,,IIP3_OB_2DUP_4G_20M,4G-20MHz,-30,,2415.1e6,2535e6,0.1,0x8383
,,,,,,,,IIP3_OB_2DUP_4G_40M,4G-40MHz,-30,,2415.1e6,2535e6,0.1,0x8383
,,,,,,,,IIP2_OB_4G_1.4M,4G-1.4MHz,-30,,2535.1e6,2535e6,0.1,0x8080
,,,,,,,,IIP2_OB_4G_10M,4G-10MHz,-30,,2535.1e6,2535e6,0.1,0x8080
,,,,,,GSTEP_VGA,12,GSTEP_3G-SC_VGA_2DB,3G-SC,-70,,2655.1e6,2655e6,0.1,0x101
,,,,,,,,GSTEP_3G-SC_VGA_4DB,3G-SC,-70,,2655.1e6,2655e6,0.1,0x202
,,,,,,,,GSTEP_3G-SC_VGA_6DB,3G-SC,-70,,2655.1e6,2655e6,0.1,0x303
,,,,,,,,GSTEP_3G-SC_VGA_8DB,3G-SC,-70,,2655.1e6,2655e6,0.1,0x404
,,,,,,,,GSTEP_3G-SC_VGA_10DB,3G-SC,-70,,2655.1e6,2655e6,0.1,0x505
,,,,,,,,GSTEP_3G-SC_VGA_12DB,3G-SC,-70,,2655.1e6,2655e6,0.1,0x606
,,,,,,,,GSTEP_3G-SC_VGA_14DB,3G-SC,-70,,2655.1e6,2655e6,0.1,0x707
,,,,,,,,GSTEP_3G-SC_VGA_16DB,3G-SC,-70,,2655.1e6,2655e6,0.1,0x808
,,,,,,,,GSTEP_3G-SC_VGA_18DB,3G-SC,-70,,2655.1e6,2655e6,0.1,0x909
,,,,,,,,GSTEP_3G-SC_VGA_20DB,3G-SC,-70,,2655.1e6,2655e6,0.1,0xa0a
,,,,,,,,GSTEP_3G-SC_VGA_22DB,3G-SC,-70,,2655.1e6,2655e6,0.1,0xb0b
,,,,,,,,GSTEP_3G-SC_VGA_24DB,3G-SC,-70,,2655.1e6,2655e6,0.1,0xc0c
,,,,,,GAIN,11,GAIN_3G-SC_MAX,3G-SC,-70,,2655.1e6,2655e6,0.1,0x0
,,,,,,,,GSTEP_3G-SC_LNA_3DB,3G-SC,-70,,2655.1e6,2655e6,0.1,0x1010
,,,,,,,,GSTEP_3G-SC_LNA_6DB,3G-SC,-70,,2655.1e6,2655e6,0.1,0x2020
,,,,,,,,GSTEP_3G-SC_LNA_12DB,3G-SC,-70,,2655.1e6,2655e6,0.1,0x3030
,,,,,,,,GSTEP_3G-SC_LNA_18DB,3G-SC,-70,,2655.1e6,2655e6,0.1,0x4040
,,,,,,,,GSTEP_3G-SC_LNA_24DB,3G-SC,-70,,2655.1e6,2655e6,0.1,0x5050
,,,,,,,,GSTEP_3G-SC_LNA_30DB,3G-SC,-70,,2655.1e6,2655e6,0.1,0x6060
,,,,,,,,GSTEP_3G-SC_LNA_42DB,3G-SC,-70,,2655.1e6,2655e6,0.1,0x7070
,,,,,,,,GAIN_2G_AGC1,2G,-70,,2655.1e6,2655e6,0.1,0x0
,,,,,,,,GAIN_3G-SC_AGC1,3G-SC,-70,,2655.1e6,2655e6,0.1,0x101
,,,,,,,,GAIN_4G_AGC1,4G,-70,,2655.1e6,2655e6,0.1,0x303
,,,,,,NF,1,NF_3G-SC,3G-SC,-70,,2655.1e6,22,0.1,2
,,,,,,EVM,2,EVMrms_3G-SC,3G-SC,-28,,2655e6,22,0.1,2
,,,,,,,,EVMpeak_3G-SC,3G-SC,-28,,2655e6,22,0.1,2
,,,,,,IR,1,IR_3G-SC,3G-SC,-28,,2655.1e6,22,0.1,2
,,,,,,DCOS,3,VDCOS_3G_SC_UNCAL,3G-SC,,,22,22,0,2
,,,,,,,,VDCOS_3G_SC_CAL,3G-SC,,,22,22,0,2
,,,,,,,,VDCOS_3G_SC_CALRANGE,3G-SC,,,22,22,0,2
,,,,,,IIP_CAL3,1,IIP2_OB_CAL_3G,3G-SC,-30,,2535.1e6,2535e6,0.1,0
,,,,,,IIP_CAL9,1,IIP2_OB_CAL_3G,3G-SC,-30,,2535.1e6,2535e6,0.1,0
RX,26,MRX_LB1,A,2,0
,,,,,,IIP,6,IIP3_IB_4G_20M,4G-20MHz,-50,,858.9e6,841.5e6,0.2,0x8383
,,,,,,,,IIP3_OB_HDUP_CDMA2k,CDMA2k,-30,,854.1e6,831.5e6,0.2,0x8383
,,,,,,,,IIP3_OB_HDUP_4G_20M,4G-20MHz,-30,,854.1e6,831.5e6,0.2,0x8383
,,,,,,,,IIP3_OB_2DUP_4G_20M,4G-20MHz,-30,,786.6e6,831.5e6,0.1,0x8383
,,,,,,,,IIP2_OB_4G_1.4M,4G-1.4MHz,-30,,831.6e6,831.5e6,0.1,0x8080
,,,,,,,,IIP2_OB_4G_10M,4G-10MHz,-30,,831.6e6,831.5e6,0.1,0x8080
,,,,,,GAIN,9,GAIN_3G-SC_MAX,3G-SC,-70,,876.6e6,876.5e6,0.1,0x0
,,,,,,,,GSTEP_3G-SC_LNA_3DB,3G-SC,-70,,876.6e6,876.5e6,0.1,0x1010
,,,,,,,,GSTEP_3G-SC_LNA_6DB,3G-SC,-70,,876.6e6,876.5e6,0.1,0x2020
,,,,,,,,GSTEP_3G-SC_LNA_12DB,3G-SC,-70,,876.6e6,876.5e6,0.1,0x3030
,,,,,,,,GSTEP_3G-SC_LNA_18DB,3G-SC,-70,,876.6e6,876.5e6,0.1,0x4040
,,,,,,,,GSTEP_3G-SC_LNA_24DB,3G-SC,-70,,876.6e6,876.5e6,0.1,0x5050
,,,,,,,,GSTEP_3G-SC_LNA_30DB,3G-SC,-70,,876.6e6,876.5e6,0.1,0x6060
,,,,,,,,GSTEP_3G-SC_LNA_42DB,3G-SC,-70,,876.6e6,876.5e6,0.1,0x7070
,,,,,,,,GAIN_4G_AGC1,4G-10M,-70,,876.6e6,876.5e6,0.1,0x303
,,,,,,GSTEP_VGA,12,GSTEP_3G-SC_VGA_2DB,3G-SC,-70,,876.6e6,876.5e6,0.1,0x101
,,,,,,,,GSTEP_3G-SC_VGA_4DB,3G-SC,-70,,876.6e6,876.5e6,0.1,0x202
,,,,,,,,GSTEP_3G-SC_VGA_6DB,3G-SC,-70,,876.6e6,876.5e6,0.1,0x303
,,,,,,,,GSTEP_3G-SC_VGA_8DB,3G-SC,-70,,876.6e6,876.5e6,0.1,0x404
,,,,,,,,GSTEP_3G-SC_VGA_10DB,3G-SC,-70,,876.6e6,876.5e6,0.1,0x505
,,,,,,,,GSTEP_3G-SC_VGA_12DB,3G-SC,-70,,876.6e6,876.5e6,0.1,0x606
,,,,,,,,GSTEP_3G-SC_VGA_14DB,3G-SC,-70,,876.6e6,876.5e6,0.1,0x707
,,,,,,,,GSTEP_3G-SC_VGA_16DB,3G-SC,-70,,876.6e6,876.5e6,0.1,0x808
,,,,,,,,GSTEP_3G-SC_VGA_18DB,3G-SC,-70,,876.6e6,876.5e6,0.1,0x909
,,,,,,,,GSTEP_3G-SC_VGA_20DB,3G-SC,-70,,876.6e6,876.5e6,0.1,0xa0a
,,,,,,,,GSTEP_3G-SC_VGA_22DB,3G-SC,-70,,876.6e6,876.5e6,0.1,0xb0b
,,,,,,,,GSTEP_3G-SC_VGA_24DB,3G-SC,-70,,876.6e6,876.5e6,0.1,0xc0c
,,,,,,GMAXDiff,1,GAIN_3G-SC_MAX_PATHC,3G-SC,-70,,876.6e6,876.5e6,0.1,0x0
,,,,,,,,GMaxDiff,,,,,,,
,,,,,,NF,1,NF_3G-SC,3G-SC,-70,,876.6e6,0,0.1,2
,,,,,,EVM,2,EVMrms_3G-SC,3G-SC,-28,,876.5e6,0,0.1,2
,,,,,,,,EVMpeak_3G-SC,3G-SC,-28,,876.5e6,0,0.1,2
,,,,,,IR,1,IR_3G-SC,3G-SC,-28,,876.6e6,0,0.1,2
,,,,,,DCOS,1,VDCOS_3G_SC_UNCAL,3G-SC,,,0,0,0,2
,,,,,,DCOS_SWEEP,9,VDCOS_3G_SC_UNCAL,3G-SC,,,0,0,0,0x0000
,,,,,,,,,,,,,,,0x0101
,,,,,,,,,,,,,,,0x0202
,,,,,,,,,,,,,,,0x0404
,,,,,,,,,,,,,,,0x0808
,,,,,,,,,,,,,,,0x1010
,,,,,,,,,,,,,,,0x2020
,,,,,,,,,,,,,,,0x4040
,,,,,,,,,,,,,,,0x8080
,,,,,,EVM,2,EVMrms_3G-SC,3G-SC,-28,,876.5e6,0,0.1,2
,,,,,,,,EVMpeak_3G-SC,3G-SC,-28,,876.5e6,0,0.1,2
,,,,,,IIP_CAL3,1,IIP2_OB_CAL_3G,3G-SC,-30,,831.6e6,831.5e6,0.1,0
,,,,,,IIP_CAL9,1,IIP2_OB_CAL_3G,3G-SC,-30,,831.6e6,831.5e6,0.1,0
RX,2,MRX_HB4,C,1,0
,,,,,,IIP,11,IIP2_OB_3G-SC,3G-SC,-30,,1880.1e6,1880e6,0.1,0x8080
,,,,,,,,IIP3_IB_2G,2G,-50,,1959.2e6,1958.5e6,0.1,0x8080
,,,,,,,,IIP3_IB_3G-SC,3G-SC,-50,,1956.5e6,1954.1e6,1.1,0x8181
,,,,,,,,IIP3_IB_4G_20M,4G-20MHz,-50,,1942.4e6,1925e6,0.2,0x8383
,,,,,,,,IIP3_OB_HDUP_3G-SC,3G-SC,-30,,1920.1e6,1880e6,0.2,0x8181
,,,,,,,,IIP3_OB_HDUP_4G_20M,4G-20MHz,-30,,1920.1e6,1880e6,0.2,0x8383
,,,,,,,,IIP3_OB_2DUP_3G-SC,3G-SC,-30,,1800.1e6,1880e6,0.1,0x8181
,,,,,,,,IIP3_OB_2DUP_4G_20M,4G-20MHz,-30,,1800.1e6,1880e6,0.1,0x8383
,,,,,,,,IIP2_IB_2G,2G,-33,,1954.1e6,1954e6,0.1,0x8080
,,,,,,,,IIP2_OB_4G_1.4M,4G-1.4MHz,-30,,1880.1e6,1880e6,0.1,0x8080
,,,,,,,,IIP2_OB_4G_10M,4G-10MHz,-30,,1880.1e6,1880e6,0.1,0x8080
,,,,,,GAIN,11,GAIN_3G-SC_MAX,3G-SC,-70,,1960.1e6,1960e6,0.1,0x0
,,,,,,,,GSTEP_3G-SC_LNA_3DB,3G-SC,-70,,1960.1e6,1960e6,0.1,0x1010
,,,,,,,,GSTEP_3G-SC_LNA_6DB,3G-SC,-70,,1960.1e6,1960e6,0.1,0x2020
,,,,,,,,GSTEP_3G-SC_LNA_12DB,3G-SC,-70,,1960.1e6,1960e6,0.1,0x3030
,,,,,,,,GSTEP_3G-SC_LNA_18DB,3G-SC,-70,,1960.1e6,1960e6,0.1,0x4040
,,,,,,,,GSTEP_3G-SC_LNA_24DB,3G-SC,-70,,1960.1e6,1960e6,0.1,0x5050
,,,,,,,,GSTEP_3G-SC_LNA_30DB,3G-SC,-70,,1960.1e6,1960e6,0.1,0x6060
,,,,,,,,GSTEP_3G-SC_LNA_42DB,3G-SC,-70,,1960.1e6,1960e6,0.1,0x7070
,,,,,,,,GAIN_2G_AGC1,2G,-70,,1960.1e6,1960e6,0.1,0x0
,,,,,,,,GAIN_3G-SC_AGC1,3G-SC,-70,,1960.1e6,1960e6,0.1,0x101
,,,,,,,,GAIN_4G_AGC1,4G-10M,-70,,1960.1e6,1960e6,0.1,0x303
,,,,,,NF,1,NF_3G-SC,3G-SC,-70,,1960.1e6,,0.1,2
,,,,,,IR,1,IR_3G-SC,3G-SC,-28,,1960.1e6,,0.1,2
,,,,,,EVM,2,EVMrms_3G-SC,3G-SC,-28,,1960e6,18,0.1,2
,,,,,,,,EVMpeak_3G-SC,3G-SC,-28,,1960e6,18,0.1,2
,,,,,,DCOS,3,VDCOS_3G_SC_UNCAL,3G-SC,,,1960.1e6,18,0,2
,,,,,,,,VDCOS_3G_SC_CAL,3G-SC,,,1960.1e6,18,0,2
,,,,,,,,VDCOS_3G_SC_CALRANGE,3G-SC,,,1960.1e6,18,0,2
,,,,,,IIP_CAL3,1,IIP2_OB_CAL_3G,3G-SC,-30,,1880.1e6,1880e6,0.1,0
,,,,,,IIP_CAL9,1,IIP2_OB_CAL_3G,3G-SC,-30,,1880.1e6,1880e6,0.1,0
RX,1,TXFB_1,A,2,0
,,,,,,GAINSWEEP,41,APCSweep,,-30,,1950.1e6,,0.1,0x0
,,,,,,,,,,10,,,,0.1,
,,,,,,,,,,1,,,,0.1,
,,,,,,GAIN,3,GAIN,3G-SC,4,,1950.1e6,,0.1,
,,,,,,,,GAIN_MID,3G-SC,4,,1950.1e6,,0.1,
,,,,,,,,GAIN_MIN,3G-SC,4,,1950.1e6,,0.1,
,,,,,,NF,1,NF_3G-SC,3G-SC,4,,1950.1e6,0,0.1,2
,,,,,,IIP,3,IIP3_IB_3G,3G-SC,1,,1942e6,1940e6,6,0
,,,,,,,,IIP2_IB_3G-SC,3G-SC,1,,1942e6,1940e6,2,0
,,,,,,,,IIP3_OOB_3G,3G-SC,4,,1941e6,1960e6,8,0
,,,,,,DCOS,3,VDCOS_3G_SC_UNCAL,3G-SC,,,18,18,0,2
,,,,,,,,VDCOS_3G_SC_CAL,3G-SC,,,18,18,0,2
,,,,,,,,VDCOS_3G_SC_CALRANGE,3G-SC,,,18,18,0,2
,,,,,,EVM,2,EVMrms_4G-10M,3G-SC,4,,1950e6,18,0.1,2
,,,,,,,,EVMpeak_4G-10M,3G-SC,4,,1950e6,18,0.1,2
,,,,,,IR,1,IR_3G-SC,3G-SC,4,,1950.1e6,18,0.1,2
,,,,,,SWEEP,14*3,,,-9,,2140e6,,,0xa600
,,,,,,,,,,-8,,,,,0xa400
,,,,,,,,,,-7,,,,,0xa200
,,,,,,,,,,-6,,,,,
,,,,,,,,,,-5,,,,,
,,,,,,,,,,-4,,,,,
,,,,,,,,,,-3,,,,,
,,,,,,,,,,-2,,,,,
,,,,,,,,,,-1,,,,,
,,,,,,,,,,0,,,,,
,,,,,,,,,,1,,,,,
,,,,,,,,,,2,,,,,
,,,,,,,,,,3,,,,,
,,,,,,,,,,4,,,,,
,,,,,,,,,,-13,,,,,
,,,,,,,,,,-12,,,,,
,,,,,,,,,,-11,,,,,
,,,,,,,,,,-10,,,,,
,,,,,,,,,,-9,,,,,
,,,,,,,,,,-8,,,,,
,,,,,,,,,,-7,,,,,
,,,,,,,,,,-6,,,,,
,,,,,,,,,,-5,,,,,
,,,,,,,,,,-4,,,,,
,,,,,,,,,,-3,,,,,
,,,,,,,,,,-2,,,,,
,,,,,,,,,,-1,,,,,
,,,,,,,,,,0,,,,,
,,,,,,,,,,-17,,,,,
,,,,,,,,,,-16,,,,,
,,,,,,,,,,-15,,,,,
,,,,,,,,,,-14,,,,,
,,,,,,,,,,-13,,,,,
,,,,,,,,,,-12,,,,,
,,,,,,,,,,-11,,,,,
,,,,,,,,,,-10,,,,,
,,,,,,,,,,-9,,,,,
,,,,,,,,,,-8,,,,,
,,,,,,,,,,-7,,,,,
,,,,,,,,,,-6,,,,,
,,,,,,,,,,-5,,,,,
,,,,,,,,,,-4,,,,,
RX,1,DRX_HB4,D,1,0
,,,,,,IIP,27,IIP3_IB_3G-SC,3G-SC,-50,,2136.5e6,2134.1e6,1.1,0x8181
,,,,,,,,IIP3_IB_4G_1.4M,4G-1.4MHz,-50,,2137.1e6,2134.4e6,0.2,0x8383
,,,,,,,,IIP3_IB_4G_5M,4G-5MHz,-50,,2129.9e6,2120e6,0.2,0x8383
,,,,,,,,IIP3_IB_4G_10M,4G-10MHz,-50,,2127.4e6,2115e6,0.2,0x8383
,,,,,,,,IIP3_IB_4G_15M,4G-15MHz,-50,,2124.9e6,2110e6,0.2,0x8383
,,,,,,,,IIP3_IB_4G_20M,4G-20MHz,-50,,2122.4e6,2105e6,0.2,0x8383
,,,,,,,,IIP3_IB_4G_40M,4G-40MHz,-50,,2112.4e6,2085e6,0.2,0xa3a3
,,,,,,,,IIP3_OB_HDUP_3G-SC,3G-SC,-30,,2045.1e6,1950e6,0.2,0x8181
,,,,,,,,IIP3_OB_HDUP_4G_1.4M,4G-1.4MHz,-30,,2045.1e6,1950e6,0.2,0x8383
,,,,,,,,IIP3_OB_HDUP_4G_5M,4G-5MHz,-30,,2045.1e6,1950e6,0.2,0x8383
,,,,,,,,IIP3_OB_HDUP_4G_10M,4G-10MHz,-30,,2045.1e6,1950e6,0.2,0x8383
,,,,,,,,IIP3_OB_HDUP_4G_15M,4G-15MHz,-30,,2045.1e6,1950e6,0.2,0x8383
,,,,,,,,IIP3_OB_HDUP_4G_20M,4G-20MHz,-30,,2045.1e6,1950e6,0.2,0x8383
,,,,,,,,IIP3_OB_HDUP_4G_40M,4G-40MHz,-30,,2045.1e6,1950e6,0.2,0x8383
,,,,,,,,IIP3_OB_2DUP_3G-SC,3G-SC,-30,,1760.1e6,1950e6,0.1,0x8181
,,,,,,,,IIP3_OB_2DUP_4G_1.4M,4G-1.4MHz,-30,,1760.1e6,1950e6,0.1,0x8181
,,,,,,,,IIP3_OB_2DUP_4G_5M,4G-5MHz,-30,,1760.1e6,1950e6,0.1,0x8383
,,,,,,,,IIP3_OB_2DUP_4G_10M,4G-10MHz,-30,,1760.1e6,1950e6,0.1,0x8383
,,,,,,,,IIP3_OB_2DUP_4G_15M,4G-15MHz,-30,,1760.1e6,1950e6,0.1,0x8383
,,,,,,,,IIP3_OB_2DUP_4G_20M,4G-20MHz,-30,,1760.1e6,1950e6,0.1,0x8383
,,,,,,,,IIP3_OB_2DUP_4G_40M,4G-40MHz,-30,,1760.1e6,1950e6,0.1,0x8383
,,,,,,,,IIP2_OB_3G-SC,3G-SC,-30,,1950.1e6,1950e6,0.1,0x8080
,,,,,,,,IIP2_OB_4G_1.4M,4G-1.4MHz,-30,,1950.1e6,1950e6,0.1,0x8080
,,,,,,,,IIP2_OB_4G_5M,4G-5MHz,-30,,1950.1e6,1950e6,0.1,0x8080
,,,,,,,,IIP2_OB_4G_10M,4G-10MHz,-30,,1950.1e6,1950e6,0.1,0x8080
,,,,,,,,IIP2_OB_4G_20M,4G-20MHz,-30,,1950.1e6,1950e6,0.1,0x8080
,,,,,,,,IIP2_OB_4G_40M,4G-40MHz,-30,,1950.1e6,1950e6,0.1,0x8080
,,,,,,GAIN,11,GAIN_3G-SC_MAX,3G-SC,-70,,2140.1e6,2140e6,0.1,0x0
,,,,,,,,GSTEP_3G-SC_LNA_3DB,3G-SC,-70,,2140.1e6,2140e6,0.1,0x1010
,,,,,,,,GSTEP_3G-SC_LNA_6DB,3G-SC,-70,,2140.1e6,2140e6,0.1,0x2020
,,,,,,,,GSTEP_3G-SC_LNA_12DB,3G-SC,-70,,2140.1e6,2140e6,0.1,0x3030
,,,,,,,,GSTEP_3G-SC_LNA_18DB,3G-SC,-70,,2140.1e6,2140e6,0.1,0x4040
,,,,,,,,GSTEP_3G-SC_LNA_24DB,3G-SC,-70,,2140.1e6,2140e6,0.1,0x5050
,,,,,,,,GSTEP_3G-SC_LNA_30DB,3G-SC,-70,,2140.1e6,2140e6,0.1,0x6060
,,,,,,,,GSTEP_3G-SC_LNA_42DB,3G-SC,-70,,2140.1e6,2140e6,0.1,0x7070
,,,,,,,,GAIN_2G_AGC1,2G,-70,,2140.1e6,2140e6,0.1,0x0
,,,,,,,,GAIN_3G-SC_AGC1,3G-SC,-70,,2140.1e6,2140e6,0.1,0x101
,,,,,,,,GAIN_4G_AGC1,4G,-70,,2140.1e6,2140e6,0.1,0x303
,,,,,,NF,1,NF_3G-SC,3G-SC,-70,,2140.1e6,18,0.1,2
,,,,,,EVM,2,EVMrms_3G-SC,3G-SC,-28,,2140e6,18,0.1,2
,,,,,,,,EVMpeak_3G-SC,3G-SC,-28,,2140e6,18,0.1,2
,,,,,,IR,1,IR_3G-SC,3G-SC,-28,,2140.1e6,18,0.1,2
,,,,,,DCOS,3,VDCOS_3G_SC_UNCAL,3G-SC,,,18,18,0,2
,,,,,,,,VDCOS_3G_SC_CAL,3G-SC,,,18,18,0,2
,,,,,,,,VDCOS_3G_SC_CALRANGE,3G-SC,,,18,18,0,2
,,,,,,IIP_CAL3,1,IIP2_OB_CAL_3G,3G-SC,-30,,1950.1e6,1950e6,0.1,0
,,,,,,IIP_CAL9,1,IIP2_OB_CAL_3G,3G-SC,-30,,1950.1e6,1950e6,0.1,0
RX,1,TXFB_2,A,2,0
,,,,,,GAIN,1,GAIN,3G-SC,4,,1950.1e6,1950e6,0.1,
,,,,,,IIP,1,IIP3_IB_3G,3G-SC,1,,1942e6,1940e6,6,0
RX,23,MRX_HB5,C,1,0
,,,,,,IIP,5,IIP3_IB_4G_20M,4G-20MHz,-50,,2172.4e6,2155e6,0.2,0x8383
,,,,,,,,IIP3_OB_HDUP_4G_20M,4G-20MHz,-30,,2100.1e6,2010e6,0.2,0x8383
,,,,,,,,IIP3_OB_2DUP_4G_20M,4G-20MHz,-30,,1830.1e6,2010e6,0.1,0x8383
,,,,,,,,IIP2_OB_4G_1.4M,4G-1.4MHz,-30,,2010.1e6,2010e6,0.1,0x8080
,,,,,,,,IIP2_OB_4G_10M,4G-10MHz,-30,,2010.1e6,2010e6,0.1,0x8080
,,,,,,GAIN,11,GAIN_3G-SC_MAX,3G-SC,-70,,2190.1e6,2190e6,0.1,0x0
,,,,,,,,GSTEP_3G-SC_LNA_3DB,3G-SC,-70,,2190.1e6,2190e6,0.1,0x1010
,,,,,,,,GSTEP_3G-SC_LNA_6DB,3G-SC,-70,,2190.1e6,2190e6,0.1,0x2020
,,,,,,,,GSTEP_3G-SC_LNA_12DB,3G-SC,-70,,2190.1e6,2190e6,0.1,0x3030
,,,,,,,,GSTEP_3G-SC_LNA_18DB,3G-SC,-70,,2190.1e6,2190e6,0.1,0x4040
,,,,,,,,GSTEP_3G-SC_LNA_24DB,3G-SC,-70,,2190.1e6,2190e6,0.1,0x5050
,,,,,,,,GSTEP_3G-SC_LNA_30DB,3G-SC,-70,,2190.1e6,2190e6,0.1,0x6060
,,,,,,,,GSTEP_3G-SC_LNA_42DB,3G-SC,-70,,2190.1e6,2190e6,0.1,0x7070
,,,,,,,,GAIN_2G_AGC1,2G,-70,,2190.1e6,2190e6,0.1,0x0
,,,,,,,,GAIN_3G-SC_AGC1,3G-SC,-70,,2190.1e6,2190e6,0.1,0x101
,,,,,,,,GAIN_4G_AGC1,4G,-70,,2190.1e6,2190e6,0.1,0x303
,,,,,,NF,1,NF_3G-SC,3G-SC,-70,,2190.1e6,3,0.1,2
,,,,,,EVM,2,EVMrms_3G-SC,3G-SC,-28,,2190e6,3,0.1,2
,,,,,,,,EVMpeak_3G-SC,3G-SC,-28,,2190e6,3,0.1,2
,,,,,,IR,1,IR_3G-SC,3G-SC,-28,,2190.1e6,3,0.1,2
,,,,,,DCOS,3,VDCOS_3G_SC_UNCAL,3G-SC,,,3,3,0,2
,,,,,,,,VDCOS_3G_SC_CAL,3G-SC,,,3,3,0,2
,,,,,,,,VDCOS_3G_SC_CALRANGE,3G-SC,,,3,3,0,2
,,,,,,IIP_CAL3,1,IIP2_OB_CAL_3G,3G-SC,-30,,2010.1e6,2010e6,0.1,0
,,,,,,IIP_CAL9,1,IIP2_OB_CAL_3G,3G-SC,-30,,2010.1e6,2010e6,0.1,0
,,,,,,GMAXCA_P5M,1,GMAXCA_P5M,3G-SC,-70,,2195.1e6,,0.1,0
,,,,,,GMAXCA_N5M,1,GMAXCA_N5M,3G-SC,-70,,2185.1e6,,0.1,0
,,,,,,IIP_N5M,1,IIP2_OB_UNCAL_3G,3G-SC,-30,,2005.1e6,2005e6,0.1,0
,,,,,,CA_IIP_CAL3,1,IIP2_OB_CAL_3G,3G-SC,-30,,2090.1e6,2090e6,0.1,0
,,,,,,CA_IIP_CAL9,1,IIP2_OB_CAL_3G,3G-SC,-30,,2090.1e6,2090e6,0.1,0
RX,29,MRX_LB6,C,1,0
,,,,,,IIP,1,IIP3_IB_4G_20M,4G-20MHz,-50,,704.9e6,687.5e6,0.2,0x8383
,,,,,,GAIN,9,GAIN_3G-SC_MAX,3G-SC,-70,,722.6e6,722.5e6,0.1,0x0
,,,,,,,,GSTEP_3G-SC_LNA_3DB,3G-SC,-70,,722.6e6,722.5e6,0.1,0x1010
,,,,,,,,GSTEP_3G-SC_LNA_6DB,3G-SC,-70,,722.6e6,722.5e6,0.1,0x2020
,,,,,,,,GSTEP_3G-SC_LNA_12DB,3G-SC,-70,,722.6e6,722.5e6,0.1,0x3030
,,,,,,,,GSTEP_3G-SC_LNA_18DB,3G-SC,-70,,722.6e6,722.5e6,0.1,0x4040
,,,,,,,,GSTEP_3G-SC_LNA_24DB,3G-SC,-70,,722.6e6,722.5e6,0.1,0x5050
,,,,,,,,GSTEP_3G-SC_LNA_30DB,3G-SC,-70,,722.6e6,722.5e6,0.1,0x6060
,,,,,,,,GSTEP_3G-SC_LNA_42DB,3G-SC,-70,,722.6e6,722.5e6,0.1,0x7070
,,,,,,,,GAIN_4G_AGC1,4G-10M,-70,,722.6e6,722.5e6,0.1,0x303
,,,,,,NF,1,NF_3G-SC,3G-SC,-70,,722.6e6,0,0.1,2
,,,,,,EVM,2,EVMrms_3G-SC,3G-SC,-28,,722.5e6,0,0.1,2
,,,,,,,,EVMpeak_3G-SC,3G-SC,-28,,722.5e6,0,0.1,2
,,,,,,IR,1,IR_3G-SC,3G-SC,-28,,722.6e6,0,0.1,2
,,,,,,DCOS,1,VDCOS_3G_SC_UNCAL,3G-SC,,,0,0,0,2
RX,44,MRX_LB3,A,2,0
,,,,,,IIP,1,IIP3_IB_4G_20M,4G-20MHz,-50,,735.4e6,718e6,0.2,0x8383
,,,,,,GAIN,9,GAIN_3G-SC_MAX,3G-SC,-70,,753.1e6,753e6,0.1,0x0
,,,,,,,,GSTEP_3G-SC_LNA_3DB,3G-SC,-70,,753.1e6,753e6,0.1,0x1010
,,,,,,,,GSTEP_3G-SC_LNA_6DB,3G-SC,-70,,753.1e6,753e6,0.1,0x2020
,,,,,,,,GSTEP_3G-SC_LNA_12DB,3G-SC,-70,,753.1e6,753e6,0.1,0x3030
,,,,,,,,GSTEP_3G-SC_LNA_18DB,3G-SC,-70,,753.1e6,753e6,0.1,0x4040
,,,,,,,,GSTEP_3G-SC_LNA_24DB,3G-SC,-70,,753.1e6,753e6,0.1,0x5050
,,,,,,,,GSTEP_3G-SC_LNA_30DB,3G-SC,-70,,753.1e6,753e6,0.1,0x6060
,,,,,,,,GSTEP_3G-SC_LNA_42DB,3G-SC,-70,,753.1e6,753e6,0.1,0x7070
,,,,,,,,GAIN_4G_AGC1,4G-10M,-70,,753.1e6,753e6,0.1,0x303
,,,,,,NF,1,NF_3G-SC,3G-SC,-70,,753.1e6,4,0.1,2
,,,,,,EVM,2,EVMrms_3G-SC,3G-SC,-28,,753e6,4,0.1,2
,,,,,,,,EVMpeak_3G-SC,3G-SC,-28,,753e6,4,0.1,2
,,,,,,IR,1,IR_3G-SC,3G-SC,-28,,753.1e6,4,0.1,2
,,,,,,DCOS,1,VDCOS_3G_SC_UNCAL,3G-SC,,,4,4,0,2
RX,25,MRX_HB3,A,2,0
,,,,,,IIP,31,IIP3_IB_3G-SC,3G-SC,-50,,1959e6,1956.6e6,1.1,0x8181
,,,,,,,,IIP3_IB_3G-DC,3G-DC,-50,,1956.5e6,1954.1e6,3.6,0x9494
,,,,,,,,IIP3_IB_4G_1.4M,4G-1.4MHz,-50,,1959.6e6,1956.9e6,0.2,0x8383
,,,,,,,,IIP3_IB_4G_5M,4G-5MHz,-50,,1952.4e6,1942.5e6,0.2,0x8383
,,,,,,,,IIP3_IB_4G_10M,4G-10MHz,-50,,1949.9e6,1937.5e6,0.2,0x8383
,,,,,,,,IIP3_IB_4G_15M,4G-15MHz,-50,,1947.4e6,1932.5e6,0.2,0x8383
,,,,,,,,IIP3_IB_4G_20M,4G-20MHz,-50,,1944.9e6,1927.5e6,0.2,0x8383
,,,,,,,,IIP3_IB_4G_40M,4G-40MHz,-50,,1934.9e6,1907.5e6,0.2,0xa3a3
,,,,,,,,IIP3_OB_HDUP_3G-SC,3G-SC,-30,,1922.6e6,1882.5e6,0.2,0x8181
,,,,,,,,IIP3_OB_HDUP_3G-DC,3G-DC,-30,,1922.6e6,1882.5e6,0.2,0x8181
,,,,,,,,IIP3_OB_HDUP_4G_1.4M,4G-1.4MHz,-30,,1922.6e6,1882.5e6,0.2,0x8181
,,,,,,,,IIP3_OB_HDUP_4G_5M,4G-5MHz,-30,,1922.6e6,1882.5e6,0.2,0x8181
,,,,,,,,IIP3_OB_HDUP_4G_10M,4G-10MHz,-30,,1922.6e6,1882.5e6,0.2,0x8181
,,,,,,,,IIP3_OB_HDUP_4G_15M,4G-15MHz,-30,,1922.6e6,1882.5e6,0.2,0x8181
,,,,,,,,IIP3_OB_HDUP_4G_20M,4G-20MHz,-30,,1922.6e6,1882.5e6,0.2,0x8383
,,,,,,,,IIP3_OB_HDUP_4G_40M,4G-40MHz,-30,,1922.6e6,1882.5e6,0.2,0x8383
,,,,,,,,IIP3_OB_2DUP_3G-SC,3G-SC,-30,,1802.6e6,1882.5e6,0.1,0x8181
,,,,,,,,IIP3_OB_2DUP_3G-DC,3G-DC,-30,,1802.6e6,1882.5e6,0.1,0x8181
,,,,,,,,IIP3_OB_2DUP_4G_1.4M,4G-1.4MHz,-30,,1802.6e6,1882.5e6,0.1,0x8181
,,,,,,,,IIP3_OB_2DUP_4G_5M,4G-5MHz,-30,,1802.6e6,1882.5e6,0.1,0x8383
,,,,,,,,IIP3_OB_2DUP_4G_10M,4G-10MHz,-30,,1802.6e6,1882.5e6,0.1,0x8383
,,,,,,,,IIP3_OB_2DUP_4G_15M,4G-15MHz,-30,,1802.6e6,1882.5e6,0.1,0x8383
,,,,,,,,IIP3_OB_2DUP_4G_20M,4G-20MHz,-30,,1802.6e6,1882.5e6,0.1,0x8383
,,,,,,,,IIP3_OB_2DUP_4G_40M,4G-40MHz,-30,,1802.6e6,1882.5e6,0.1,0x8383
,,,,,,,,IIP2_OB_3G-SC,3G-SC,-30,,1882.6e6,1882.5e6,0.1,0x8080
,,,,,,,,IIP2_OB_3G-DC,3G-DC,-30,,1882.6e6,1882.5e6,0.1,0x8080
,,,,,,,,IIP2_OB_4G_1.4M,4G-1.4MHz,-30,,1882.6e6,1882.5e6,0.1,0x8080
,,,,,,,,IIP2_OB_4G_5M,4G-5MHz,-30,,1882.6e6,1882.5e6,0.1,0x8080
,,,,,,,,IIP2_OB_4G_10M,4G-10MHz,-30,,1882.6e6,1882.5e6,0.1,0x8080
,,,,,,,,IIP2_OB_4G_20M,4G-20MHz,-30,,1882.6e6,1882.5e6,0.1,0x8080
,,,,,,,,IIP2_OB_4G_40M,4G-40MHz,-30,,1882.6e6,1882.5e6,0.1,0x8080
,,,,,,GAIN,11,GAIN_3G-SC_MAX,3G-SC,-70,,1962.6e6,1962.5e6,0.1,0x0
,,,,,,,,GSTEP_3G-SC_LNA_3DB,3G-SC,-70,,1962.6e6,1962.5e6,0.1,0x1010
,,,,,,,,GSTEP_3G-SC_LNA_6DB,3G-SC,-70,,1962.6e6,1962.5e6,0.1,0x2020
,,,,,,,,GSTEP_3G-SC_LNA_12DB,3G-SC,-70,,1962.6e6,1962.5e6,0.1,0x3030
,,,,,,,,GSTEP_3G-SC_LNA_18DB,3G-SC,-70,,1962.6e6,1962.5e6,0.1,0x4040
,,,,,,,,GSTEP_3G-SC_LNA_24DB,3G-SC,-70,,1962.6e6,1962.5e6,0.1,0x5050
,,,,,,,,GSTEP_3G-SC_LNA_30DB,3G-SC,-70,,1962.6e6,1962.5e6,0.1,0x6060
,,,,,,,,GSTEP_3G-SC_LNA_42DB,3G-SC,-70,,1962.6e6,1962.5e6,0.1,0x7070
,,,,,,,,GAIN_2G_AGC1,2G,-70,,1962.6e6,1962.5e6,0.1,0x0
,,,,,,,,GAIN_3G-SC_AGC1,3G-SC,-70,,1962.6e6,1962.5e6,0.1,0x101
,,,,,,,,GAIN_4G_AGC1,4G-10M,-70,,1962.6e6,1962.5e6,0.1,0x303
,,,,,,GMAXDiff,11,GAIN_3G-SC_MAX_PATHC,3G-SC,-70,,1962.6e6,1962.5e6,0.1,0x0
,,,,,,,,GMaxDiff,,,,,,,
,,,,,,NF,1,NF_3G-SC,3G-SC,-70,,1962.6e6,6,0.1,2
,,,,,,EVM,2,EVMrms_3G-SC,3G-SC,-28,,1962.5e6,6,0.1,2
,,,,,,,,EVMpeak_3G-SC,3G-SC,-28,,1962.5e6,6,0.1,2
,,,,,,IR,1,IR_3G-SC,3G-SC,-28,,1962.6e6,6,0.1,2
,,,,,,DCOS,3,VDCOS_3G_SC_UNCAL,3G-SC,,,6,6,0,2
,,,,,,,,VDCOS_3G_SC_CAL,3G-SC,,,6,6,0,2
,,,,,,,,VDCOS_3G_SC_CALRANGE,3G-SC,,,6,6,0,2
,,,,,,IIP_CAL3,1,IIP2_OB_CAL_3G,3G-SC,-30,,1882.6e6,1882.5e6,0.1,0
,,,,,,IIP_CAL9,1,IIP2_OB_CAL_3G,3G-SC,-30,,1882.6e6,1882.5e6,0.1,0
,,,,,,GMAXCA_P5M,1,GMAXCA_P5M,3G-SC,-70,,1967.6e6,,0.1,0
,,,,,,GMAXCA_N5M,1,GMAXCA_N5M,3G-SC,-70,,1957.6e6,,0.1,0
RX,39,DRX_HB3,B,2,0
,,,,,,IIP,5,IIP3_IB_3G-SC,3G-SC,-50,,1896.5e6,1894.1e6,1.1,0x8181
,,,,,,,,IIP3_IB_3G-DC,3G-DC,-50,,1894e6,1891.6e6,3.6,0x9494
,,,,,,,,IIP3_IB_TDSCDMA,TDSCDMA,-50,,1896.7e6,1893.6e6,0.2,0x8181
,,,,,,,,IIP3_IB_4G_20M,4G-20MHz,-50,,1882.4e6,1865e6,0.2,0x8383
,,,,,,,,IIP3_IB_4G_40M,4G-40MHz,-50,,1872.4e6,1845e6,0.2,0xa3a3
,,,,,,GAIN,11,GAIN_3G-SC_MAX,3G-SC,-70,,1900.1e6,1900e6,0.1,0x0
,,,,,,,,GSTEP_3G-SC_LNA_3DB,3G-SC,-70,,1900.1e6,1900e6,0.1,0x1010
,,,,,,,,GSTEP_3G-SC_LNA_6DB,3G-SC,-70,,1900.1e6,1900e6,0.1,0x2020
,,,,,,,,GSTEP_3G-SC_LNA_12DB,3G-SC,-70,,1900.1e6,1900e6,0.1,0x3030
,,,,,,,,GSTEP_3G-SC_LNA_18DB,3G-SC,-70,,1900.1e6,1900e6,0.1,0x4040
,,,,,,,,GSTEP_3G-SC_LNA_24DB,3G-SC,-70,,1900.1e6,1900e6,0.1,0x5050
,,,,,,,,GSTEP_3G-SC_LNA_30DB,3G-SC,-70,,1900.1e6,1900e6,0.1,0x6060
,,,,,,,,GSTEP_3G-SC_LNA_42DB,3G-SC,-70,,1900.1e6,1900e6,0.1,0x7070
,,,,,,,,GAIN_2G_AGC1,2G,-70,,1900.1e6,1900e6,0.1,0x0
,,,,,,,,GAIN_3G-SC_AGC1,3G-SC,-70,,1900.1e6,1900e6,0.1,0x101
,,,,,,,,GAIN_4G_AGC1,4G,-70,,1900.1e6,1900e6,0.1,0x303
,,,,,,NF,1,NF_3G-SC,3G-SC,-70,,1900.1e6,3,0.1,2
,,,,,,EVM,2,EVMrms_3G-SC,3G-SC,-28,,1900e6,3,0.1,2
,,,,,,,,EVMpeak_3G-SC,3G-SC,-28,,1900e6,3,0.1,2
,,,,,,IR,1,IR_3G-SC,3G-SC,-28,,1900.1e6,3,0.1,2
,,,,,,DCOS,3,VDCOS_3G_SC_UNCAL,3G-SC,,,3,3,0,2
,,,,,,,,VDCOS_3G_SC_CAL,3G-SC,,,3,3,0,2
,,,,,,,,VDCOS_3G_SC_CALRANGE,3G-SC,,,3,3,0,2
,,,,,,GMAXCA_P5M,1,GMAXCA_P5M,3G-SC,-70,,1905.1e6,,0.1,0
,,,,,,GMAXCA_N5M,1,GMAXCA_N5M,3G-SC,-70,,1895.1e6,,0.1,0
RX,28,DRX_LB4,D,1,0
,,,,,,IIP,7,IIP3_IB_4G_20M,4G-20MHz,-50,,762.9e6,745.5e6,0.2,0x8383
,,,,,,,,IIP3_OB_HDUP_CDMA2k,CDMA2k,-30,,753.1e6,725.5e6,0.2,0x8383
,,,,,,,,IIP3_OB_HDUP_4G_20M,4G-20MHz,-30,,753.1e6,725.5e6,0.2,0x8383
,,,,,,,,IIP3_OB_2DUP_CDMA2k,CDMA2k,-30,,670.6e6,725.5e6,0.1,0x8383
,,,,,,,,IIP3_OB_2DUP_4G_20M,4G-20MHz,-30,,670.6e6,725.5e6,0.1,0x8383
,,,,,,,,IIP2_OB_4G_1.4M,4G-1.4MHz,-30,,725.6e6,725.5e6,0.1,0x8080
,,,,,,,,IIP2_OB_4G_10M,4G-10MHz,-30,,725.6e6,725.5e6,0.1,0x8080
,,,,,,GAIN,11,GAIN_3G-SC_MAX,3G-SC,-70,,780.6e6,780.5e6,0.1,0x0
,,,,,,,,GSTEP_3G-SC_LNA_3DB,3G-SC,-70,,780.6e6,780.5e6,0.1,0x1010
,,,,,,,,GSTEP_3G-SC_LNA_6DB,3G-SC,-70,,780.6e6,780.5e6,0.1,0x2020
,,,,,,,,GSTEP_3G-SC_LNA_12DB,3G-SC,-70,,780.6e6,780.5e6,0.1,0x3030
,,,,,,,,GSTEP_3G-SC_LNA_18DB,3G-SC,-70,,780.6e6,780.5e6,0.1,0x4040
,,,,,,,,GSTEP_3G-SC_LNA_24DB,3G-SC,-70,,780.6e6,780.5e6,0.1,0x5050
,,,,,,,,GSTEP_3G-SC_LNA_30DB,3G-SC,-70,,780.6e6,780.5e6,0.1,0x6060
,,,,,,,,GSTEP_3G-SC_LNA_42DB,3G-SC,-70,,780.6e6,780.5e6,0.1,0x7070
,,,,,,,,GAIN_2G_AGC1,2G,-70,,780.6e6,780.5e6,0.1,0x0
,,,,,,,,GAIN_3G-SC_AGC1,3G-SC,-70,,780.6e6,780.5e6,0.1,0x101
,,,,,,,,GAIN_4G_AGC1,4G,-70,,780.6e6,780.5e6,0.1,0x303
,,,,,,NF,1,NF_3G-SC,3G-SC,-70,,780.6e6,0,0.1,2
,,,,,,EVM,2,EVMrms_3G-SC,3G-SC,-28,,780.5e6,0,0.1,2
,,,,,,,,EVMpeak_3G-SC,3G-SC,-28,,780.5e6,0,0.1,2
,,,,,,IR,1,IR_3G-SC,3G-SC,-28,,780.6e6,0,0.1,2
,,,,,,DCOS,3,VDCOS_3G_SC_UNCAL,3G-SC,,,0,0,0,2
,,,,,,,,VDCOS_3G_SC_CAL,3G-SC,,,0,0,0,2
,,,,,,,,VDCOS_3G_SC_CALRANGE,3G-SC,,,0,0,0,2
,,,,,,DCOS_SWEEP,9,VDCOS_3G_SC_UNCAL,3G-SC,,,0,0,0,0x0000
,,,,,,,,,,,,,,,0x0101
,,,,,,,,,,,,,,,0x0202
,,,,,,,,,,,,,,,0x0404
,,,,,,,,,,,,,,,0x0808
,,,,,,,,,,,,,,,0x1010
,,,,,,,,,,,,,,,0x2020
,,,,,,,,,,,,,,,0x4040
,,,,,,,,,,,,,,,0x8080
,,,,,,IIP_CAL3,1,IIP2_OB_CAL_3G,3G-SC,-30,,725.6e6,725.5e6,0.1,0
,,,,,,IIP_CAL9,1,IIP2_OB_CAL_3G,3G-SC,-30,,725.6e6,725.5e6,0.1,0
RX,28,MRX_LB5,C,1,0
,,,,,,IIP,21,IIP3_IB_4G_1.4M,4G-1.4MHz,-50,,777.6e6,774.9e6,0.2,0x8383
,,,,,,,,IIP3_IB_4G_5M,4G-5MHz,-50,,770.4e6,760.5e6,0.2,0x8383
,,,,,,,,IIP3_IB_4G_10M,4G-10MHz,-50,,767.9e6,755.5e6,0.2,0x8383
,,,,,,,,IIP3_IB_4G_15M,4G-15MHz,-50,,765.4e6,750.5e6,0.2,0x8383
,,,,,,,,IIP3_IB_4G_20M,4G-20MHz,-50,,762.9e6,745.5e6,0.2,0x8383
,,,,,,,,IIP3_OB_HDUP_CDMA2k,CDMA2k,-30,,753.1e6,725.5e6,0.2,0x8383
,,,,,,,,IIP3_OB_HDUP_4G_1.4M,4G-1.4MHz,-30,,753.1e6,725.5e6,0.2,0x8383
,,,,,,,,IIP3_OB_HDUP_4G_5M,4G-5MHz,-30,,753.1e6,725.5e6,0.2,0x8383
,,,,,,,,IIP3_OB_HDUP_4G_10M,4G-10MHz,-30,,753.1e6,725.5e6,0.2,0x8383
,,,,,,,,IIP3_OB_HDUP_4G_15M,4G-15MHz,-30,,753.1e6,725.5e6,0.2,0x8383
,,,,,,,,IIP3_OB_HDUP_4G_20M,4G-20MHz,-30,,753.1e6,725.5e6,0.2,0x8383
,,,,,,,,IIP3_OB_2DUP_CDMA2k,CDMA2k,-30,,670.6e6,725.5e6,0.1,0x8383
,,,,,,,,IIP3_OB_2DUP_4G_1.4M,4G-1.4MHz,-30,,670.6e6,725.5e6,0.1,0x8383
,,,,,,,,IIP3_OB_2DUP_4G_5M,4G-5MHz,-30,,670.6e6,725.5e6,0.1,0x8383
,,,,,,,,IIP3_OB_2DUP_4G_10M,4G-10MHz,-30,,670.6e6,725.5e6,0.1,0x8383
,,,,,,,,IIP3_OB_2DUP_4G_15M,4G-15MHz,-30,,670.6e6,725.5e6,0.1,0x8383
,,,,,,,,IIP3_OB_2DUP_4G_20M,4G-20MHz,-30,,670.6e6,725.5e6,0.1,0x8383
,,,,,,,,IIP2_OB_4G_1.4M,4G-1.4MHz,-30,,725.6e6,725.5e6,0.1,0x8080
,,,,,,,,IIP2_OB_4G_5M,4G-5MHz,-30,,725.6e6,725.5e6,0.1,0x8080
,,,,,,,,IIP2_OB_4G_10M,4G-10MHz,-30,,725.6e6,725.5e6,0.1,0x8080
,,,,,,,,IIP2_OB_4G_20M,4G-20MHz,-30,,725.6e6,725.5e6,0.1,0x8080
,,,,,,GAIN,9,GAIN_3G-SC_MAX,3G-SC,-70,,780.6e6,780.5e6,0.1,0x0
,,,,,,,,GSTEP_3G-SC_LNA_3DB,3G-SC,-70,,780.6e6,780.5e6,0.1,0x1010
,,,,,,,,GSTEP_3G-SC_LNA_6DB,3G-SC,-70,,780.6e6,780.5e6,0.1,0x2020
,,,,,,,,GSTEP_3G-SC_LNA_12DB,3G-SC,-70,,780.6e6,780.5e6,0.1,0x3030
,,,,,,,,GSTEP_3G-SC_LNA_18DB,3G-SC,-70,,780.6e6,780.5e6,0.1,0x4040
,,,,,,,,GSTEP_3G-SC_LNA_24DB,3G-SC,-70,,780.6e6,780.5e6,0.1,0x5050
,,,,,,,,GSTEP_3G-SC_LNA_30DB,3G-SC,-70,,780.6e6,780.5e6,0.1,0x6060
,,,,,,,,GSTEP_3G-SC_LNA_42DB,3G-SC,-70,,780.6e6,780.5e6,0.1,0x7070
,,,,,,,,GAIN_4G_AGC1,4G-10M,-70,,780.6e6,780.5e6,0.1,0x303
,,,,,,NF,1,NF_3G-SC,3G-SC,-70,,780.6e6,0,0.1,2
,,,,,,EVM,2,EVMrms_3G-SC,3G-SC,-28,,780.5e6,0,0.1,2
,,,,,,,,EVMpeak_3G-SC,3G-SC,-28,,780.5e6,0,0.1,2
,,,,,,IR,1,IR_3G-SC,3G-SC,-28,,780.6e6,0,0.1,2
,,,,,,DCOS,1,VDCOS_3G_SC_UNCAL,3G-SC,,,0,0,0,2
,,,,,,IIP_CAL3,1,IIP2_OB_CAL_3G,3G-SC,-30,,725.6e6,725.5e6,0.1,0
,,,,,,IIP_CAL9,1,IIP2_OB_CAL_3G,3G-SC,-30,,725.6e6,725.5e6,0.1,0
RX,40,DRX_HB2,B,2,0
,,,,,,IIP,4,IIP3_IB_3G-SC,3G-SC,-50,,2346.5e6,2344.1e6,1.1,0x8181
,,,,,,,,IIP3_IB_3G-DC,3G-DC,-50,,2344e6,2341.6e6,3.6,0x9494
,,,,,,,,IIP3_IB_TDSCDMA,TDSCDMA,-50,,2346.7e6,2343.6e6,0.2,0x8181
,,,,,,,,IIP3_IB_4G_20M,4G-20MHz,-50,,2332.4e6,2315e6,0.2,0x8383
,,,,,,GAIN,11,GAIN_3G-SC_MAX,3G-SC,-70,,2350.1e6,2350e6,0.1,0x0
,,,,,,,,GSTEP_3G-SC_LNA_3DB,3G-SC,-70,,2350.1e6,2350e6,0.1,0x1010
,,,,,,,,GSTEP_3G-SC_LNA_6DB,3G-SC,-70,,2350.1e6,2350e6,0.1,0x2020
,,,,,,,,GSTEP_3G-SC_LNA_12DB,3G-SC,-70,,2350.1e6,2350e6,0.1,0x3030
,,,,,,,,GSTEP_3G-SC_LNA_18DB,3G-SC,-70,,2350.1e6,2350e6,0.1,0x4040
,,,,,,,,GSTEP_3G-SC_LNA_24DB,3G-SC,-70,,2350.1e6,2350e6,0.1,0x5050
,,,,,,,,GSTEP_3G-SC_LNA_30DB,3G-SC,-70,,2350.1e6,2350e6,0.1,0x6060
,,,,,,,,GSTEP_3G-SC_LNA_42DB,3G-SC,-70,,2350.1e6,2350e6,0.1,0x7070
,,,,,,,,GAIN_2G_AGC1,2G,-70,,2350.1e6,2350e6,0.1,0x0
,,,,,,,,GAIN_3G-SC_AGC1,3G-SC,-70,,2350.1e6,2350e6,0.1,0x101
,,,,,,,,GAIN_4G_AGC1,4G,-70,,2350.1e6,2350e6,0.1,0x303
,,,,,,NF,1,NF_3G-SC,3G-SC,-70,,2350.1e6,3,0.1,2
,,,,,,EVM,2,EVMrms_3G-SC,3G-SC,-28,,2350e6,3,0.1,2
,,,,,,,,EVMpeak_3G-SC,3G-SC,-28,,2350e6,3,0.1,2
,,,,,,IR,1,IR_3G-SC,3G-SC,-28,,2350.1e6,3,0.1,2
,,,,,,DCOS,3,VDCOS_3G_SC_UNCAL,3G-SC,,,3,3,0,2
,,,,,,,,VDCOS_3G_SC_CAL,3G-SC,,,3,3,0,2
,,,,,,,,VDCOS_3G_SC_CALRANGE,3G-SC,,,3,3,0,2
RX,3,MRX_HB2,A,2,0
,,,,,,IIP,18,IIP3_IB_2G,2G,-50,,1841.7e6,1841e6,0.1,0x8080
,,,,,,,,IIP3_IB_3G-SC,3G-SC,-50,,1839e6,1836.6e6,1.1,0x8181
,,,,,,,,IIP3_IB_3G-DC,3G-DC,-50,,1836.5e6,1834.1e6,3.6,0x9494
,,,,,,,,IIP3_IB_4G_20M,4G-20MHz,-50,,1824.9e6,1807.5e6,0.2,0x8383
,,,,,,,,IIP3_IB_4G_40M,4G-40MHz,-50,,1814.9e6,1787.5e6,0.2,0xa3a3
,,,,,,,,IIP3_OB_HDUP_3G-SC,3G-SC,-30,,1795.1e6,1747.5e6,0.2,0x8181
,,,,,,,,IIP3_OB_HDUP_3G-DC,3G-DC,-30,,1795.1e6,1747.5e6,0.2,0x8181
,,,,,,,,IIP3_OB_HDUP_4G_20M,4G-20MHz,-30,,1795.1e6,1747.5e6,0.2,0x8383
,,,,,,,,IIP3_OB_HDUP_4G_40M,4G-40MHz,-30,,1795.1e6,1747.5e6,0.2,0x8383
,,,,,,,,IIP3_OB_2DUP_3G-SC,3G-SC,-30,,1652.6e6,1747.5e6,0.1,0x8181
,,,,,,,,IIP3_OB_2DUP_3G-DC,3G-DC,-30,,1652.6e6,1747.5e6,0.1,0x8181
,,,,,,,,IIP3_OB_2DUP_4G_20M,4G-20MHz,-30,,1652.6e6,1747.5e6,0.1,0x8383
,,,,,,,,IIP3_OB_2DUP_4G_40M,4G-40MHz,-30,,1652.6e6,1747.5e6,0.1,0x8383
,,,,,,,,IIP2_IB_2G,2G,-33,,1836.6e6,1836.5e6,0.1,0x8080
,,,,,,,,IIP2_OB_3G-SC,3G-SC,-30,,1747.6e6,1747.5e6,0.1,0x8080
,,,,,,,,IIP2_OB_3G-DC,3G-DC,-30,,1747.6e6,1747.5e6,0.1,0x8080
,,,,,,,,IIP2_OB_4G_1.4M,4G-1.4MHz,-30,,1747.6e6,1747.5e6,0.1,0x8080
,,,,,,,,IIP2_OB_4G_10M,4G-10MHz,-30,,1747.6e6,1747.5e6,0.1,0x8080
,,,,,,GAIN,11,GAIN_3G-SC_MAX,3G-SC,-70,,1842.6e6,1842.5e6,0.1,0x0
,,,,,,,,GSTEP_3G-SC_LNA_3DB,3G-SC,-70,,1842.6e6,1842.5e6,0.1,0x1010
,,,,,,,,GSTEP_3G-SC_LNA_6DB,3G-SC,-70,,1842.6e6,1842.5e6,0.1,0x2020
,,,,,,,,GSTEP_3G-SC_LNA_12DB,3G-SC,-70,,1842.6e6,1842.5e6,0.1,0x3030
,,,,,,,,GSTEP_3G-SC_LNA_18DB,3G-SC,-70,,1842.6e6,1842.5e6,0.1,0x4040
,,,,,,,,GSTEP_3G-SC_LNA_24DB,3G-SC,-70,,1842.6e6,1842.5e6,0.1,0x5050
,,,,,,,,GSTEP_3G-SC_LNA_30DB,3G-SC,-70,,1842.6e6,1842.5e6,0.1,0x6060
,,,,,,,,GSTEP_3G-SC_LNA_42DB,3G-SC,-70,,1842.6e6,1842.5e6,0.1,0x7070
,,,,,,,,GAIN_2G_AGC1,2G,-70,,1842.6e6,1842.5e6,0.1,0x0
,,,,,,,,GAIN_3G-SC_AGC1,3G-SC,-70,,1842.6e6,1842.5e6,0.1,0x101
,,,,,,,,GAIN_4G_AGC1,4G-10M,-70,,1842.6e6,1842.5e6,0.1,0x303
,,,,,,NF,1,NF_3G-SC,3G-SC,-70,,1842.6e6,20,0.1,2
,,,,,,EVM,2,EVMrms_3G-SC,3G-SC,-28,,1842.5e6,1842.5e6,0.1,2
,,,,,,,,EVMpeak_3G-SC,3G-SC,-28,,1842.5e6,20,0.1,2
,,,,,,IR,1,IR_3G-SC,3G-SC,-28,,1842.6e6,20,0.1,2
,,,,,,DCOS,3,VDCOS_3G_SC_UNCAL,3G-SC,,,20,20,0,2
,,,,,,,,VDCOS_3G_SC_CAL,3G-SC,,,20,20,0,2
,,,,,,,,VDCOS_3G_SC_CALRANGE,3G-SC,,,20,20,0,2
,,,,,,IIP_CAL3,1,IIP2_OB_CAL_3G,3G-SC,-30,,1747.6e6,1747.5e6,0.1,0
,,,,,,IIP_CAL9,1,IIP2_OB_CAL_3G,3G-SC,-30,,1747.6e6,1747.5e6,0.1,0
RX,41,DRX_HB5,D,1,0
,,,,,,IIP,2,IIP3_IB_4G_20M,4G-20MHz,-50,,2575.4e6,2558e6,0.2,0x8383
,,,,,,,,IIP3_IB_4G_40M,4G-40MHz,-50,,2565.4e6,2538e6,0.2,0xa3a3
,,,,,,GAIN,11,GAIN_3G-SC_MAX,3G-SC,-70,,2593.1e6,2593e6,0.1,0x0
,,,,,,,,GSTEP_3G-SC_LNA_3DB,3G-SC,-70,,2593.1e6,2593e6,0.1,0x1010
,,,,,,,,GSTEP_3G-SC_LNA_6DB,3G-SC,-70,,2593.1e6,2593e6,0.1,0x2020
,,,,,,,,GSTEP_3G-SC_LNA_12DB,3G-SC,-70,,2593.1e6,2593e6,0.1,0x3030
,,,,,,,,GSTEP_3G-SC_LNA_18DB,3G-SC,-70,,2593.1e6,2593e6,0.1,0x4040
,,,,,,,,GSTEP_3G-SC_LNA_24DB,3G-SC,-70,,2593.1e6,2593e6,0.1,0x5050
,,,,,,,,GSTEP_3G-SC_LNA_30DB,3G-SC,-70,,2593.1e6,2593e6,0.1,0x6060
,,,,,,,,GSTEP_3G-SC_LNA_42DB,3G-SC,-70,,2593.1e6,2593e6,0.1,0x7070
,,,,,,,,GAIN_2G_AGC1,2G,-70,,2593.1e6,2593e6,0.1,0x0
,,,,,,,,GAIN_3G-SC_AGC1,3G-SC,-70,,2593.1e6,2593e6,0.1,0x101
,,,,,,,,GAIN_4G_AGC1,4G-10M,-70,,2593.1e6,2593e6,0.1,0x303
,,,,,,NF,1,NF_3G-SC,3G-SC,-70,,2593.1e6,3,0.1,2
,,,,,,EVM,2,EVMrms_3G-SC,3G-SC,-28,,2593e6,3,0.1,2
,,,,,,,,EVMpeak_3G-SC,3G-SC,-28,,2593e6,3,0.1,2
,,,,,,IR,1,IR_3G-SC,3G-SC,-28,,2593.1e6,3,0.1,2
,,,,,,DCOS,3,VDCOS_3G_SC_UNCAL,3G-SC,,,3,3,0,2
,,,,,,,,VDCOS_3G_SC_CAL,3G-SC,,,3,3,0,2
,,,,,,,,VDCOS_3G_SC_CALRANGE,3G-SC,,,3,3,0,2
,,,,,,GMAXCA_P5M,1,GMAXCA_P5M,3G-SC,-70,,2598.1e6,,0.1,0
,,,,,,GMAXCA_N5M,1,GMAXCA_N5M,3G-SC,-70,,2588.1e6,,0.1,0
RX,12,DRX_LB6,D,1,0
,,,,,,IIP,5,IIP3_IB_4G_20M,4G-20MHz,-50,,719.9e6,702.5e6,0.2,0x8383
,,,,,,,,IIP3_OB_HDUP_4G_20M,4G-20MHz,-30,,722.6e6,707.5e6,0.2,0x8383
,,,,,,,,IIP3_OB_2DUP_4G_20M,4G-20MHz,-30,,677.6e6,707.5e6,0.1,0x8383
,,,,,,,,IIP2_OB_4G_1.4M,4G-1.4MHz,-30,,707.6e6,707.5e6,0.1,0x8080
,,,,,,,,IIP2_OB_4G_10M,4G-10MHz,-30,,707.6e6,707.5e6,0.1,0x8080
,,,,,,GAIN,9,GAIN_3G-SC_MAX,3G-SC,-70,,737.6e6,737.5e6,0.1,0x0
,,,,,,,,GSTEP_3G-SC_LNA_3DB,3G-SC,-70,,737.6e6,737.5e6,0.1,0x1010
,,,,,,,,GSTEP_3G-SC_LNA_6DB,3G-SC,-70,,737.6e6,737.5e6,0.1,0x2020
,,,,,,,,GSTEP_3G-SC_LNA_12DB,3G-SC,-70,,737.6e6,737.5e6,0.1,0x3030
,,,,,,,,GSTEP_3G-SC_LNA_18DB,3G-SC,-70,,737.6e6,737.5e6,0.1,0x4040
,,,,,,,,GSTEP_3G-SC_LNA_24DB,3G-SC,-70,,737.6e6,737.5e6,0.1,0x5050
,,,,,,,,GSTEP_3G-SC_LNA_30DB,3G-SC,-70,,737.6e6,737.5e6,0.1,0x6060
,,,,,,,,GSTEP_3G-SC_LNA_42DB,3G-SC,-70,,737.6e6,737.5e6,0.1,0x7070
,,,,,,,,GAIN_4G_AGC1,4G,-70,,737.6e6,737.5e6,0.1,0x303
,,,,,,NF,1,NF_3G-SC,3G-SC,-70,,737.6e6,24,0.1,2
,,,,,,EVM,2,EVMrms_3G-SC,3G-SC,-28,,737.5e6,24,0.1,2
,,,,,,,,EVMpeak_3G-SC,3G-SC,-28,,737.5e6,24,0.1,2
,,,,,,IR,1,IR_3G-SC,3G-SC,-28,,737.6e6,24,0.1,2
,,,,,,DCOS,1,VDCOS_3G_SC_UNCAL,3G-SC,,,24,24,0,2
,,,,,,IIP_CAL3,1,IIP2_OB_CAL_3G,3G-SC,-30,,707.6e6,707.5e6,0.1,0
,,,,,,IIP_CAL9,1,IIP2_OB_CAL_3G,3G-SC,-30,,707.6e6,707.5e6,0.1,0
RX,20,DRX_LB3,B,2,0
,,,,,,IIP,7,IIP3_IB_4G_20M,4G-20MHz,-50,,788.4e6,771e6,0.2,0x8383
,,,,,,,,IIP3_OB_HDUP_CDMA2k,CDMA2k,-30,,826.6e6,847e6,0.2,0x8383
,,,,,,,,IIP3_OB_HDUP_4G_20M,4G-20MHz,-30,,826.6e6,847e6,0.2,0x8383
,,,,,,,,IIP3_OB_2DUP_CDMA2k,CDMA2k,-30,,888.1e6,847e6,0.1,0x8383
,,,,,,,,IIP3_OB_2DUP_4G_20M,4G-20MHz,-30,,888.1e6,847e6,0.1,0x8383
,,,,,,,,IIP2_OB_4G_1.4M,4G-1.4MHz,-30,,847.1e6,847e6,0.1,0x8080
,,,,,,,,IIP2_OB_4G_10M,4G-10MHz,-30,,847.1e6,847e6,0.1,0x8080
,,,,,,GAIN,9,GAIN_3G-SC_MAX,3G-SC,-70,,806.1e6,806e6,0.1,0x0
,,,,,,,,GSTEP_3G-SC_LNA_3DB,3G-SC,-70,,806.1e6,806e6,0.1,0x1010
,,,,,,,,GSTEP_3G-SC_LNA_6DB,3G-SC,-70,,806.1e6,806e6,0.1,0x2020
,,,,,,,,GSTEP_3G-SC_LNA_12DB,3G-SC,-70,,806.1e6,806e6,0.1,0x3030
,,,,,,,,GSTEP_3G-SC_LNA_18DB,3G-SC,-70,,806.1e6,806e6,0.1,0x4040
,,,,,,,,GSTEP_3G-SC_LNA_24DB,3G-SC,-70,,806.1e6,806e6,0.1,0x5050
,,,,,,,,GSTEP_3G-SC_LNA_30DB,3G-SC,-70,,806.1e6,806e6,0.1,0x6060
,,,,,,,,GSTEP_3G-SC_LNA_42DB,3G-SC,-70,,806.1e6,806e6,0.1,0x7070
,,,,,,,,GAIN_4G_AGC1,4G,-70,,806.1e6,806e6,0.1,0x303
,,,,,,NF,1,NF_3G-SC,3G-SC,-70,,806.1e6,22,0.1,2
,,,,,,EVM,2,EVMrms_3G-SC,3G-SC,-28,,806e6,22,0.1,2
,,,,,,,,EVMpeak_3G-SC,3G-SC,-28,,806e6,22,0.1,2
,,,,,,IR,1,IR_3G-SC,3G-SC,-28,,806.1e6,22,0.1,2
,,,,,,DCOS,1,VDCOS_3G_SC_UNCAL,3G-SC,,,22,22,0,2
,,,,,,IIP_CAL3,1,IIP2_OB_CAL_3G,3G-SC,-30,,765.1e6,765e6,0.1,0
,,,,,,IIP_CAL9,1,IIP2_OB_CAL_3G,3G-SC,-30,,765.1e6,765e6,0.1,0
RX,20,DRX_LB2,B,2,0
,,,,,,IIP,21,IIP3_IB_4G_1.4M,4G-1.4MHz,-50,,803.1e6,800.4e6,0.2,0x8383
,,,,,,,,IIP3_IB_4G_5M,4G-5MHz,-50,,795.9e6,786e6,0.2,0x8383
,,,,,,,,IIP3_IB_4G_10M,4G-10MHz,-50,,793.4e6,781e6,0.2,0x8383
,,,,,,,,IIP3_IB_4G_15M,4G-15MHz,-50,,790.9e6,776e6,0.2,0x8383
,,,,,,,,IIP3_IB_4G_20M,4G-20MHz,-50,,788.4e6,771e6,0.2,0x8383
,,,,,,,,IIP3_OB_HDUP_CDMA2k,CDMA2k,-30,,826.6e6,847e6,0.2,0x8383
,,,,,,,,IIP3_OB_HDUP_4G_1.4M,4G-1.4MHz,-30,,826.6e6,847e6,0.2,0x8383
,,,,,,,,IIP3_OB_HDUP_4G_5M,4G-5MHz,-30,,826.6e6,847e6,0.2,0x8383
,,,,,,,,IIP3_OB_HDUP_4G_10M,4G-10MHz,-30,,826.6e6,847e6,0.2,0x8383
,,,,,,,,IIP3_OB_HDUP_4G_15M,4G-15MHz,-30,,826.6e6,847e6,0.2,0x8383
,,,,,,,,IIP3_OB_HDUP_4G_20M,4G-20MHz,-30,,826.6e6,847e6,0.2,0x8383
,,,,,,,,IIP3_OB_2DUP_CDMA2k,CDMA2k,-30,,888.1e6,847e6,0.1,0x8383
,,,,,,,,IIP3_OB_2DUP_4G_1.4M,4G-1.4MHz,-30,,888.1e6,847e6,0.1,0x8383
,,,,,,,,IIP3_OB_2DUP_4G_5M,4G-5MHz,-30,,888.1e6,847e6,0.1,0x8383
,,,,,,,,IIP3_OB_2DUP_4G_10M,4G-10MHz,-30,,888.1e6,847e6,0.1,0x8383
,,,,,,,,IIP3_OB_2DUP_4G_15M,4G-15MHz,-30,,888.1e6,847e6,0.1,0x8383
,,,,,,,,IIP3_OB_2DUP_4G_20M,4G-20MHz,-30,,888.1e6,847e6,0.1,0x8383
,,,,,,,,IIP2_OB_4G_1.4M,4G-1.4MHz,-30,,847.1e6,847e6,0.1,0x8080
,,,,,,,,IIP2_OB_4G_5M,4G-5MHz,-30,,847.1e6,847e6,0.1,0x8080
,,,,,,,,IIP2_OB_4G_10M,4G-10MHz,-30,,847.1e6,847e6,0.1,0x8080
,,,,,,,,IIP2_OB_4G_20M,4G-20MHz,-30,,847.1e6,847e6,0.1,0x8080
,,,,,,GAIN,11,GAIN_3G-SC_MAX,3G-SC,-70,,806.1e6,806e6,0.1,0x0
,,,,,,,,GSTEP_3G-SC_LNA_3DB,3G-SC,-70,,806.1e6,806e6,0.1,0x1010
,,,,,,,,GSTEP_3G-SC_LNA_6DB,3G-SC,-70,,806.1e6,806e6,0.1,0x2020
,,,,,,,,GSTEP_3G-SC_LNA_12DB,3G-SC,-70,,806.1e6,806e6,0.1,0x3030
,,,,,,,,GSTEP_3G-SC_LNA_18DB,3G-SC,-70,,806.1e6,806e6,0.1,0x4040
,,,,,,,,GSTEP_3G-SC_LNA_24DB,3G-SC,-70,,806.1e6,806e6,0.1,0x5050
,,,,,,,,GSTEP_3G-SC_LNA_30DB,3G-SC,-70,,806.1e6,806e6,0.1,0x6060
,,,,,,,,GSTEP_3G-SC_LNA_42DB,3G-SC,-70,,806.1e6,806e6,0.1,0x7070
,,,,,,,,GAIN_2G_AGC1,2G,-70,,806.1e6,806e6,0.1,0x0
,,,,,,,,GAIN_3G-SC_AGC1,3G-SC,-70,,806.1e6,806e6,0.1,0x101
,,,,,,,,GAIN_4G_AGC1,4G,-70,,806.1e6,806e6,0.1,0x303
,,,,,,NF,1,NF_3G-SC,3G-SC,-70,,806.1e6,22,0.1,2
,,,,,,EVM,2,EVMrms_3G-SC,3G-SC,-28,,806e6,22,0.1,2
,,,,,,,,EVMpeak_3G-SC,3G-SC,-28,,806e6,22,0.1,2
,,,,,,IR,1,IR_3G-SC,3G-SC,-28,,806.1e6,22,0.1,2
,,,,,,DCOS,3,VDCOS_3G_SC_UNCAL,3G-SC,,,22,22,0,2
,,,,,,,,VDCOS_3G_SC_CAL,3G-SC,,,22,22,0,2
,,,,,,,,VDCOS_3G_SC_CALRANGE,3G-SC,,,22,22,1,2
,,,,,,IIP_CAL3,1,IIP2_OB_CAL_3G,3G-SC,-30,,765.1e6,765e6,0.1,0
,,,,,,IIP_CAL9,1,IIP2_OB_CAL_3G,3G-SC,-30,,765.1e6,765e6,0.1,0
RX,8,DRX_LB5,D,1,0
,,,,,,IIP,30,IIP3_IB_3G-SC,3G-SC,-50,,939e6,936.6e6,1.1,0x8181
,,,,,,,,IIP3_IB_3G-DC,3G-DC,-50,,936.5e6,934.1e6,3.6,0x9494
,,,,,,,,IIP3_IB_4G_1.4M,4G-1.4MHz,-50,,939.6e6,936.9e6,0.2,0x8383
,,,,,,,,IIP3_IB_4G_5M,4G-5MHz,-50,,932.4e6,922.5e6,0.2,0x8383
,,,,,,,,IIP3_IB_4G_10M,4G-10MHz,-50,,929.9e6,917.5e6,0.2,0x8383
,,,,,,,,IIP3_IB_4G_15M,4G-15MHz,-50,,927.4e6,912.5e6,0.2,0x8383
,,,,,,,,IIP3_IB_4G_20M,4G-20MHz,-50,,924.9e6,907.5e6,0.2,0x8383
,,,,,,,,IIP3_OB_HDUP_3G-SC,3G-SC,-30,,920.1e6,897.5e6,0.2,0x8181
,,,,,,,,IIP3_OB_HDUP_3G-DC,3G-DC,-30,,920.1e6,897.5e6,0.2,0x8181
,,,,,,,,IIP3_OB_HDUP_CDMA2k,CDMA2k,-30,,920.1e6,897.5e6,0.2,0x8383
,,,,,,,,IIP3_OB_HDUP_4G_1.4M,4G-1.4MHz,-30,,920.1e6,897.5e6,0.2,0x8383
,,,,,,,,IIP3_OB_HDUP_4G_5M,4G-5MHz,-30,,920.1e6,897.5e6,0.2,0x8383
,,,,,,,,IIP3_OB_HDUP_4G_10M,4G-10MHz,-30,,920.1e6,897.5e6,0.2,0x8383
,,,,,,,,IIP3_OB_HDUP_4G_15M,4G-15MHz,-30,,920.1e6,897.5e6,0.2,0x8383
,,,,,,,,IIP3_OB_HDUP_4G_20M,4G-20MHz,-30,,920.1e6,897.5e6,0.2,0x8383
,,,,,,,,IIP3_OB_2DUP_3G-SC,3G-SC,-30,,852.6e6,897.5e6,0.1,0x8181
,,,,,,,,IIP3_OB_2DUP_3G-DC,3G-DC,-30,,852.6e6,897.5e6,0.1,0x8181
,,,,,,,,IIP3_OB_2DUP_CDMA2k,CDMA2k,-30,,852.6e6,897.5e6,0.1,0x8181
,,,,,,,,IIP3_OB_2DUP_4G_1.4M,4G-1.4MHz,-30,,852.6e6,897.5e6,0.1,0x8181
,,,,,,,,IIP3_OB_2DUP_4G_5M,4G-5MHz,-30,,852.6e6,897.5e6,0.1,0x8383
,,,,,,,,IIP3_OB_2DUP_4G_10M,4G-10MHz,-30,,852.6e6,897.5e6,0.1,0x8383
,,,,,,,,IIP3_OB_2DUP_4G_15M,4G-15MHz,-30,,852.6e6,897.5e6,0.1,0x8383
,,,,,,,,IIP3_OB_2DUP_4G_20M,4G-20MHz,-30,,852.6e6,897.5e6,0.1,0x8383
,,,,,,,,IIP2_OB_3G-SC,3G-SC,-30,,897.6e6,897.5e6,0.1,0x8080
,,,,,,,,IIP2_OB_3G-DC,3G-DC,-30,,897.6e6,897.5e6,0.1,0x8080
,,,,,,,,IIP2_OB_CDMA2k,CDMA2k,-30,,897.6e6,897.5e6,0.1,0x8080
,,,,,,,,IIP2_OB_4G_1.4M,4G-1.4MHz,-30,,897.6e6,897.5e6,0.1,0x8080
,,,,,,,,IIP2_OB_4G_5M,4G-5MHz,-30,,897.6e6,897.5e6,0.1,0x8080
,,,,,,,,IIP2_OB_4G_10M,4G-10MHz,-30,,897.6e6,897.5e6,0.1,0x8080
,,,,,,,,IIP2_OB_4G_20M,4G-20MHz,-30,,897.6e6,897.5e6,0.1,0x8080
,,,,,,GAIN,9,GAIN_3G-SC_MAX,3G-SC,-70,,942.6e6,942.5e6,0.1,0x0
,,,,,,,,GSTEP_3G-SC_LNA_3DB,3G-SC,-70,,942.6e6,942.5e6,0.1,0x1010
,,,,,,,,GSTEP_3G-SC_LNA_6DB,3G-SC,-70,,942.6e6,942.5e6,0.1,0x2020
,,,,,,,,GSTEP_3G-SC_LNA_12DB,3G-SC,-70,,942.6e6,942.5e6,0.1,0x3030
,,,,,,,,GSTEP_3G-SC_LNA_18DB,3G-SC,-70,,942.6e6,942.5e6,0.1,0x4040
,,,,,,,,GSTEP_3G-SC_LNA_24DB,3G-SC,-70,,942.6e6,942.5e6,0.1,0x5050
,,,,,,,,GSTEP_3G-SC_LNA_30DB,3G-SC,-70,,942.6e6,942.5e6,0.1,0x6060
,,,,,,,,GSTEP_3G-SC_LNA_42DB,3G-SC,-70,,942.6e6,942.5e6,0.1,0x7070
,,,,,,,,GAIN_4G_AGC1,4G,-70,,942.6e6,942.5e6,0.1,0x303
,,,,,,NF,1,NF_3G-SC,3G-SC,-70,,942.6e6,20,0.1,2
,,,,,,EVM,2,EVMrms_3G-SC,3G-SC,-28,,942.5e6,20,0.1,2
,,,,,,,,EVMpeak_3G-SC,3G-SC,-28,,942.5e6,20,0.1,2
,,,,,,IR,1,IR_3G-SC,3G-SC,-28,,942.6e6,20,0.1,2
,,,,,,DCOS,1,VDCOS_3G_SC_UNCAL,3G-SC,,,20,20,0,2
,,,,,,IIP_CAL3,1,IIP2_OB_CAL_3G,3G-SC,-30,,897.6e6,897.5e6,0.1,0
,,,,,,IIP_CAL9,1,IIP2_OB_CAL_3G,3G-SC,-30,,897.6e6,897.5e6,0.1,0
RX,8,MRX_LB4,C,1,0
,,,,,,IIP,32,IIP3_IB_2G,2G,-50,,941.7e6,941e6,0.1,0x8080
,,,,,,,,IIP3_IB_3G-SC,3G-SC,-50,,939e6,936.6e6,1.1,0x8181
,,,,,,,,IIP3_IB_3G-DC,3G-DC,-50,,936.5e6,934.1e6,3.6,0x9494
,,,,,,,,IIP3_IB_4G_1.4M,4G-1.4MHz,-50,,939.6e6,936.9e6,0.2,0x8383
,,,,,,,,IIP3_IB_4G_5M,4G-5MHz,-50,,932.4e6,922.5e6,0.2,0x8383
,,,,,,,,IIP3_IB_4G_10M,4G-10MHz,-50,,929.9e6,917.5e6,0.2,0x8383
,,,,,,,,IIP3_IB_4G_15M,4G-15MHz,-50,,927.4e6,912.5e6,0.2,0x8383
,,,,,,,,IIP3_IB_4G_20M,4G-20MHz,-50,,924.9e6,907.5e6,0.2,0x8383
,,,,,,,,IIP3_OB_HDUP_3G-SC,3G-SC,-30,,920.1e6,897.5e6,0.2,0x8181
,,,,,,,,IIP3_OB_HDUP_3G-DC,3G-DC,-30,,920.1e6,897.5e6,0.2,0x8181
,,,,,,,,IIP3_OB_HDUP_CDMA2k,CDMA2k,-30,,920.1e6,897.5e6,0.2,0x8383
,,,,,,,,IIP3_OB_HDUP_4G_1.4M,4G-1.4MHz,-30,,920.1e6,897.5e6,0.2,0x8383
,,,,,,,,IIP3_OB_HDUP_4G_5M,4G-5MHz,-30,,920.1e6,897.5e6,0.2,0x8383
,,,,,,,,IIP3_OB_HDUP_4G_10M,4G-10MHz,-30,,920.1e6,897.5e6,0.2,0x8383
,,,,,,,,IIP3_OB_HDUP_4G_15M,4G-15MHz,-30,,920.1e6,897.5e6,0.2,0x8383
,,,,,,,,IIP3_OB_HDUP_4G_20M,4G-20MHz,-30,,920.1e6,897.5e6,0.2,0x8383
,,,,,,,,IIP3_OB_2DUP_3G-SC,3G-SC,-30,,852.6e6,897.5e6,0.1,0x8181
,,,,,,,,IIP3_OB_2DUP_3G-DC,3G-DC,-30,,852.6e6,897.5e6,0.1,0x8181
,,,,,,,,IIP3_OB_2DUP_CDMA2k,CDMA2k,-30,,852.6e6,897.5e6,0.1,0x8181
,,,,,,,,IIP3_OB_2DUP_4G_1.4M,4G-1.4MHz,-30,,852.6e6,897.5e6,0.1,0x8181
,,,,,,,,IIP3_OB_2DUP_4G_5M,4G-5MHz,-30,,852.6e6,897.5e6,0.1,0x8383
,,,,,,,,IIP3_OB_2DUP_4G_10M,4G-10MHz,-30,,852.6e6,897.5e6,0.1,0x8383
,,,,,,,,IIP3_OB_2DUP_4G_15M,4G-15MHz,-30,,852.6e6,897.5e6,0.1,0x8383
,,,,,,,,IIP3_OB_2DUP_4G_20M,4G-20MHz,-30,,852.6e6,897.5e6,0.1,0x8383
,,,,,,,,IIP2_IB_2G,2G,-33,,936.6e6,936.5e6,0.1,0x8080
,,,,,,,,IIP2_OB_3G-SC,3G-SC,-30,,897.6e6,897.5e6,0.1,0x8080
,,,,,,,,IIP2_OB_3G-DC,3G-DC,-30,,897.6e6,897.5e6,0.1,0x8080
,,,,,,,,IIP2_OB_CDMA2k,CDMA2k,-30,,897.6e6,897.5e6,0.1,0x8080
,,,,,,,,IIP2_OB_4G_1.4M,4G-1.4MHz,-30,,897.6e6,897.5e6,0.1,0x8080
,,,,,,,,IIP2_OB_4G_5M,4G-5MHz,-30,,897.6e6,897.5e6,0.1,0x8080
,,,,,,,,IIP2_OB_4G_10M,4G-10MHz,-30,,897.6e6,897.5e6,0.1,0x8080
,,,,,,,,IIP2_OB_4G_20M,4G-20MHz,-30,,897.6e6,897.5e6,0.1,0x8080
,,,,,,GAIN,11,GAIN_3G-SC_MAX,3G-SC,-70,,942.6e6,942.5e6,0.1,0x0
,,,,,,,,GSTEP_3G-SC_LNA_3DB,3G-SC,-70,,942.6e6,942.5e6,0.1,0x1010
,,,,,,,,GSTEP_3G-SC_LNA_6DB,3G-SC,-70,,942.6e6,942.5e6,0.1,0x2020
,,,,,,,,GSTEP_3G-SC_LNA_12DB,3G-SC,-70,,942.6e6,942.5e6,0.1,0x3030
,,,,,,,,GSTEP_3G-SC_LNA_18DB,3G-SC,-70,,942.6e6,942.5e6,0.1,0x4040
,,,,,,,,GSTEP_3G-SC_LNA_24DB,3G-SC,-70,,942.6e6,942.5e6,0.1,0x5050
,,,,,,,,GSTEP_3G-SC_LNA_30DB,3G-SC,-70,,942.6e6,942.5e6,0.1,0x6060
,,,,,,,,GSTEP_3G-SC_LNA_42DB,3G-SC,-70,,942.6e6,942.5e6,0.1,0x7070
,,,,,,,,GAIN_3G-SC_AGC1,3G-SC,-70,,942.6e6,942.5e6,0.1,0x101
,,,,,,,,GAIN_3G-SC_AGC1,3G-SC,-70,,942.6e6,942.5e6,0.1,0x101
,,,,,,,,GAIN_4G_AGC1,4G-10M,-70,,942.6e6,942.5e6,0.1,0x303
,,,,,,NF,1,NF_3G-SC,3G-SC,-70,,942.6e6,20,0.1,2
,,,,,,EVM,2,EVMrms_3G-SC,3G-SC,-28,,942.5e6,20,0.1,2
,,,,,,,,EVMpeak_3G-SC,3G-SC,-28,,942.5e6,20,0.1,2
,,,,,,IR,1,IR_3G-SC,3G-SC,-28,,942.6e6,20,0.1,2
,,,,,,DCOS,3,VDCOS_3G_SC_UNCAL,3G-SC,,,20,20,0,2
,,,,,,,,VDCOS_3G_SC_CAL,3G-SC,,,20,20,0,2
,,,,,,,,VDCOS_3G_SC_CALRANGE,3G-SC,,,20,20,0,2
,,,,,,DCOS_SWEEP,9,VDCOS_3G_SC_UNCAL,3G-SC,,,0,0,0,0x0000
,,,,,,,,,,,,,,,0x0101
,,,,,,,,,,,,,,,0x0202
,,,,,,,,,,,,,,,0x0404
,,,,,,,,,,,,,,,0x0808
,,,,,,,,,,,,,,,0x1010
,,,,,,,,,,,,,,,0x2020
,,,,,,,,,,,,,,,0x4040
,,,,,,,,,,,,,,,0x8080
,,,,,,IIP_CAL3,1,IIP2_OB_CAL_3G,3G-SC,-30,,897.6e6,897.5e6,0.1,0
,,,,,,IIP_CAL9,1,IIP2_OB_CAL_3G,3G-SC,-30,,897.6e6,897.5e6,0.1,0
RX,34,DRX_HB6,D,1,0
,,,,,,IIP,2,IIP3_IB_TDSCDMA,TDSCDMA,-50,,2014.2e6,2011.1e6,0.2,0x8181
,,,,,,,,IIP3_IB_4G_20M,4G-20MHz,-50,,1999.9e6,1982.5e6,0.2,0x8383
,,,,,,GSTEP_VGA,12,GSTEP_3G-SC_VGA_2DB,3G-SC,-70,,2017.6e6,2017.5e6,0.1,0x101
,,,,,,,,GSTEP_3G-SC_VGA_4DB,3G-SC,-70,,2017.6e6,2017.5e6,0.1,0x202
,,,,,,,,GSTEP_3G-SC_VGA_6DB,3G-SC,-70,,2017.6e6,2017.5e6,0.1,0x303
,,,,,,,,GSTEP_3G-SC_VGA_8DB,3G-SC,-70,,2017.6e6,2017.5e6,0.1,0x404
,,,,,,,,GSTEP_3G-SC_VGA_10DB,3G-SC,-70,,2017.6e6,2017.5e6,0.1,0x505
,,,,,,,,GSTEP_3G-SC_VGA_12DB,3G-SC,-70,,2017.6e6,2017.5e6,0.1,0x606
,,,,,,,,GSTEP_3G-SC_VGA_14DB,3G-SC,-70,,2017.6e6,2017.5e6,0.1,0x707
,,,,,,,,GSTEP_3G-SC_VGA_16DB,3G-SC,-70,,2017.6e6,2017.5e6,0.1,0x808
,,,,,,,,GSTEP_3G-SC_VGA_18DB,3G-SC,-70,,2017.6e6,2017.5e6,0.1,0x909
,,,,,,,,GSTEP_3G-SC_VGA_20DB,3G-SC,-70,,2017.6e6,2017.5e6,0.1,0xa0a
,,,,,,,,GSTEP_3G-SC_VGA_22DB,3G-SC,-70,,2017.6e6,2017.5e6,0.1,0xb0b
,,,,,,,,GSTEP_3G-SC_VGA_24DB,3G-SC,-70,,2017.6e6,2017.5e6,0.1,0xc0c
,,,,,,,,,3G-SC,,,,,,
,,,,,,GAIN,11,GAIN_3G-SC_MAX,3G-SC,-70,,2017.6e6,2017.5e6,0.1,0x0
,,,,,,,,GSTEP_3G-SC_LNA_3DB,3G-SC,-70,,2017.6e6,2017.5e6,0.1,0x1010
,,,,,,,,GSTEP_3G-SC_LNA_6DB,3G-SC,-70,,2017.6e6,2017.5e6,0.1,0x2020
,,,,,,,,GSTEP_3G-SC_LNA_12DB,3G-SC,-70,,2017.6e6,2017.5e6,0.1,0x3030
,,,,,,,,GSTEP_3G-SC_LNA_18DB,3G-SC,-70,,2017.6e6,2017.5e6,0.1,0x4040
,,,,,,,,GSTEP_3G-SC_LNA_24DB,3G-SC,-70,,2017.6e6,2017.5e6,0.1,0x5050
,,,,,,,,GSTEP_3G-SC_LNA_30DB,3G-SC,-70,,2017.6e6,2017.5e6,0.1,0x6060
,,,,,,,,GSTEP_3G-SC_LNA_42DB,3G-SC,-70,,2017.6e6,2017.5e6,0.1,0x7070
,,,,,,,,GAIN_2G_AGC1,2G,-70,,2017.6e6,2017.5e6,0.1,0x0
,,,,,,,,GAIN_3G-SC_AGC1,3G-SC,-70,,2017.6e6,2017.5e6,0.1,0x101
,,,,,,,,GAIN_4G_AGC1,4G-10M,-70,,2017.6e6,2017.5e6,0.1,0x303
,,,,,,NF,1,NF_3G-SC,3G-SC,-70,,2017.6e6,3,0.1,2
,,,,,,EVM,2,EVMrms_3G-SC,3G-SC,-28,,2017.5e6,3,0.1,2
,,,,,,,,EVMpeak_3G-SC,3G-SC,-28,,2017.5e6,3,0.1,2
,,,,,,IR,1,IR_3G-SC,3G-SC,-28,,2017.6e6,3,0.1,2
,,,,,,DCOS,3,VDCOS_3G_SC_UNCAL,3G-SC,,,3,3,0,2
,,,,,,,,VDCOS_3G_SC_CAL,3G-SC,,,3,3,0,2
,,,,,,,,VDCOS_3G_SC_CALRANGE,3G-SC,,,3,3,0,2
RX,43,TXFB_1,A,2,0
,,,,,,GAIN,3,GAIN,3G-SC,4,,3700.1e6,,0.1,
,,,,,,,,GAIN_MID,3G-SC,4,,3700.1e6,,0.1,
,,,,,,,,GAIN_MIN,3G-SC,4,,3700.1e6,,0.1,
,,,,,,NF,1,NF_3G-SC,3G-SC,4,,3700.1e6,0,0.1,2
,,,,,,IIP,2,IIP3_IB_3G,3G-SC,1,,3692e6,3690e6,6,0
,,,,,,,,IIP3_OOB_4G_20M,4G-20M,4,,3691e6,3710e6,8,0
,,,,,,DCOS,3,VDCOS_3G_SC_UNCAL,3G-SC,,,18,18,0,2
,,,,,,,,VDCOS_3G_SC_CAL,3G-SC,,,18,18,0,2
,,,,,,,,VDCOS_3G_SC_CALRANGE,3G-SC,,,18,18,0,2
,,,,,,EVM,2,EVMrms_4G-10M,4G-10M,4,,3700e6,18,0.1,2
,,,,,,,,EVMpeak_4G-10M,4G-10M,-4,,3700e6,18,0.1,2
,,,,,,IR,1,IR_3G-SC,3G-SC,4,,3700.1e6,18,0.1,2
,,,,,,FILT,4,FILT_2G_2G_2M,3G-SC,4,,3702e6,3700e6,2,0
,,,,,,,,FILT_2G_2G_10M,3G-SC,4,,3710e6,3700e6,10,0
,,,,,,,,FILT_3G_3G_DC_20M,3G-DC,4,,3720e6,3700e6,20,0
,,,,,,,,FILT_CDMA2k_CDMA2k_27M,3G-DC,4,,3727e6,3700e6,27,0
RX,43,DRX_UHB1,D,1,0
,,,,,,IIP,1,IIP3_IB_4G_20M,4G-20MHz,-50,,3682.4e6,3665e6,0.2,0x8383
,,,,,,GAIN,11,GAIN_3G-SC_MAX,3G-SC,-70,,3700.1e6,3700e6,0.1,0x0
,,,,,,,,GSTEP_3G-SC_LNA_3DB,3G-SC,-70,,3700.1e6,3700e6,0.1,0x1010
,,,,,,,,GSTEP_3G-SC_LNA_6DB,3G-SC,-70,,3700.1e6,3700e6,0.1,0x2020
,,,,,,,,GSTEP_3G-SC_LNA_12DB,3G-SC,-70,,3700.1e6,3700e6,0.1,0x3030
,,,,,,,,GSTEP_3G-SC_LNA_18DB,3G-SC,-70,,3700.1e6,3700e6,0.1,0x4040
,,,,,,,,GSTEP_3G-SC_LNA_24DB,3G-SC,-70,,3700.1e6,3700e6,0.1,0x5050
,,,,,,,,GSTEP_3G-SC_LNA_30DB,3G-SC,-70,,3700.1e6,3700e6,0.1,0x6060
,,,,,,,,GSTEP_3G-SC_LNA_42DB,3G-SC,-70,,3700.1e6,3700e6,0.1,0x7070
,,,,,,,,GAIN_2G_AGC1,2G,-70,,3700.1e6,3700e6,0.1,0x0
,,,,,,,,GAIN_3G-SC_AGC1,3G-SC,-70,,3700.1e6,3700e6,0.1,0x101
,,,,,,,,GAIN_4G_AGC1,4G-10M,-70,,3700.1e6,3700e6,0.1,0x303
,,,,,,NF,1,NF_3G-SC,3G-SC,-70,,3700.1e6,13,0.1,2
,,,,,,EVM,2,EVMrms_3G-SC,3G-SC,-28,,3700e6,13,0.1,2
,,,,,,,,EVMpeak_3G-SC,3G-SC,-28,,3700e6,13,0.1,2
,,,,,,IR,1,IR_3G-SC,3G-SC,-28,,3700.1e6,13,0.1,2
,,,,,,DCOS,3,VDCOS_3G_SC_UNCAL,3G-SC,,,13,13,0,2
,,,,,,,,VDCOS_3G_SC_CAL,3G-SC,,,13,13,0,2
,,,,,,,,VDCOS_3G_SC_CALRANGE,3G-SC,,,13,13,0,2
,,,,,,FILT,18,FILT_3G_3G_SC_3P5M,3G-SC,-28,,3703.5e6,3700e6,3.5,0xe8e8
,,,,,,,,FILT_3G_3G_SC_5M,3G-SC,-28,,3705e6,3700e6,5,0xe8e8
,,,,,,,,FILT_3G_3G_SC_15M,3G-SC,-28,,3715e6,3700e6,15,0xe8e8
,,,,,,,,FILT_3G_3G_DC_7P5M,3G-DC,-28,,3707.5e6,3700e6,7.5,0xe8e8
,,,,,,,,FILT_3G_3G_DC_12P5M,3G-DC,-28,,3712.5e6,3700e6,12.5,0xe8e8
,,,,,,,,FILT_3G_3G_DC_20M,3G-DC,-28,,3720e6,3700e6,20,0xe8e8
,,,,,,,,FILT_CDMA2k_CDMA2k_1P26M,CDMA2k,-28,,3701.26e6,3700e6,1.26,0xe8e8
,,,,,,,,FILT_TDSCDMA_TDSCDMA_1P5M,TDSCDMA,-28,,3701.5e6,3700e6,1.5,0xe8e8
,,,,,,,,FILT_4G_1P4M_4G_1P4M_2P64M,4G-1P4M,-28,,3702.64e6,3700e6,2.64,0xe8e8
,,,,,,,,FILT_4G_5M_4G_5M_5M,4G-5M,-28,,3705e6,3700e6,5,0xe9e9
,,,,,,,,FILT_4G_5M_4G_5M_10M,4G-5M,-28,,3710e6,3700e6,10,0xe9e9
,,,,,,,,FILT_4G_5M_4G_5M_15M,4G-5M,-28,,3715e6,3700e6,15,0xe9e9
,,,,,,,,FILT_4G_10M_4G_10M_7P5M,4G-10M,-28,,3707.5e6,3700e6,7.5,0xe9e9
,,,,,,,,FILT_4G_10M_4G_10M_12P5M,4G-10M,-28,,3712.5e6,3700e6,12.5,0xe9e9
,,,,,,,,FILT_4G_10M_4G_10M_25M,4G-10M,-28,,3725e6,3700e6,25,0xe9e9
,,,,,,,,FILT_4G_20M_4G_20M_15M,4G-20M,-28,,3715e6,3700e6,15,0xe9e9
,,,,,,,,FILT_4G_20M_4G_20M_22P5M,4G-20M,-28,,3722.5e6,3700e6,22.5,0xe9e9
,,,,,,,,FILT_4G_40M_4G_40M_40M,4G-40M,-28,,3740e6,3700e6,40,0xe9e9
,,,,,,FILT2,7,FILT_3G_3G_SC_1P92M,3G-SC,-28,,3701.92e6,3700e6,1.92,0xe8e8
,,,,,,,,FILT_3G_3G_DC_4P42M,3G-DC,-28,,3704.42e6,,4.42,0xe8e8
,,,,,,,,FILT_4G_1P4M_4G_1P4M_0P63M,4G-1P4M,-28,,3700.63e6,,0.63,0xe8e8
,,,,,,,,FILT_4G_5M_4G_5M_2P25M,4G-5M,-28,,3702.25e6,,2.25,
,,,,,,,,FILT_4G_10M_4G_10M_4P5M,4G-10M,-28,,3704.5e6,,4.5,0xe9e9
,,,,,,,,FILT_4G_20M_4G_20M_9M,4G-20M,-28,,3709e6,,9,0xe9e9
,,,,,,,,FILT_4G_40M_4G_40M_19M,4G-40M,-28,,3719e6,,19,0xe9e9
,,,,,,,,,,,,,,,0xe9e9
RX,43,MRX_UHB1,C,1,0
,,,,,,IIP,1,IIP3_IB_4G_20M,4G-20MHz,-50,,3682.4e6,3665e6,0.2,0x8383
,,,,,,GAIN,11,GAIN_3G-SC_MAX,3G-SC,-70,,3700.1e6,3700e6,0.1,0x0
,,,,,,,,GSTEP_3G-SC_LNA_3DB,3G-SC,-70,,3700.1e6,3700e6,0.1,0x1010
,,,,,,,,GSTEP_3G-SC_LNA_6DB,3G-SC,-70,,3700.1e6,3700e6,0.1,0x2020
,,,,,,,,GSTEP_3G-SC_LNA_12DB,3G-SC,-70,,3700.1e6,3700e6,0.1,0x3030
,,,,,,,,GSTEP_3G-SC_LNA_18DB,3G-SC,-70,,3700.1e6,3700e6,0.1,0x4040
,,,,,,,,GSTEP_3G-SC_LNA_24DB,3G-SC,-70,,3700.1e6,3700e6,0.1,0x5050
,,,,,,,,GSTEP_3G-SC_LNA_30DB,3G-SC,-70,,3700.1e6,3700e6,0.1,0x6060
,,,,,,,,GSTEP_3G-SC_LNA_42DB,3G-SC,-70,,3700.1e6,3700e6,0.1,0x7070
,,,,,,,,GAIN_2G_AGC1,2G,-70,,3700.1e6,3700e6,0.1,0x0
,,,,,,,,GAIN_3G-SC_AGC1,3G-SC,-70,,3700.1e6,3700e6,0.1,0x101
,,,,,,,,GAIN_4G_AGC1,4G,-70,,3700.1e6,3700e6,0.1,0x303
,,,,,,NF,1,NF_3G-SC,3G-SC,-70,,3700.1e6,13,0.1,2
,,,,,,EVM,2,EVMrms_3G-SC,3G-SC,-28,,3700e6,13,0.1,2
,,,,,,,,EVMpeak_3G-SC,3G-SC,-28,,3700e6,13,0.1,2
,,,,,,IR,1,IR_3G-SC,3G-SC,-28,,3700.1e6,13,0.1,2
,,,,,,DCOS,3,VDCOS_3G_SC_UNCAL,3G-SC,,,13,13,0,2
,,,,,,,,VDCOS_3G_SC_CAL,3G-SC,,,13,13,0,2
,,,,,,,,VDCOS_3G_SC_CALRANGE,3G-SC,,,13,13,0,2
,,,,,,FILT,18,FILT_3G_3G_SC_3P5M,3G-SC,-28,,3703.5e6,3700e6,3.5,0xe8e8
,,,,,,,,FILT_3G_3G_SC_5M,3G-SC,-28,,3705e6,3700e6,5,0xe8e8
,,,,,,,,FILT_3G_3G_SC_15M,3G-SC,-28,,3715e6,3700e6,15,0xe8e8
,,,,,,,,FILT_3G_3G_DC_7P5M,3G-DC,-28,,3707.5e6,3700e6,7.5,0xe8e8
,,,,,,,,FILT_3G_3G_DC_12P5M,3G-DC,-28,,3712.5e6,3700e6,12.5,0xe8e8
,,,,,,,,FILT_3G_3G_DC_20M,3G-DC,-28,,3720e6,3700e6,20,0xe8e8
,,,,,,,,FILT_CDMA2k_CDMA2k_1P26M,CDMA2k,-28,,3701.26e6,3700e6,1.26,0xe8e8
,,,,,,,,FILT_TDSCDMA_TDSCDMA_1P5M,TDSCDMA,-28,,3701.5e6,3700e6,1.5,0xe8e8
,,,,,,,,FILT_4G_1P4M_4G_1P4M_2P64M,4G-1P4M,-28,,3702.64e6,3700e6,2.64,0xe8e8
,,,,,,,,FILT_4G_5M_4G_5M_5M,4G-5M,-28,,3705e6,3700e6,5,0xe9e9
,,,,,,,,FILT_4G_5M_4G_5M_10M,4G-5M,-28,,3710e6,3700e6,10,0xe9e9
,,,,,,,,FILT_4G_5M_4G_5M_15M,4G-5M,-28,,3715e6,3700e6,15,0xe9e9
,,,,,,,,FILT_4G_10M_4G_10M_7P5M,4G-10M,-28,,3707.5e6,3700e6,7.5,0xe9e9
,,,,,,,,FILT_4G_10M_4G_10M_12P5M,4G-10M,-28,,3712.5e6,3700e6,12.5,0xe9e9
,,,,,,,,FILT_4G_10M_4G_10M_25M,4G-10M,-28,,3725e6,3700e6,25,0xe9e9
,,,,,,,,FILT_4G_20M_4G_20M_15M,4G-20M,-28,,3715e6,3700e6,15,0xe9e9
,,,,,,,,FILT_4G_20M_4G_20M_22P5M,4G-20M,-28,,3722.5e6,3700e6,22.5,0xe9e9
,,,,,,,,FILT_4G_40M_4G_40M_40M,4G-40M,-28,,3740e6,3700e6,40,0xe9e9
,,,,,,FILT2,7,FILT_3G_3G_SC_1P92M,3G-SC,-28,,3701.92e6,3700e6,1.92,0xe8e8
,,,,,,,,FILT_3G_3G_DC_4P42M,3G-DC,-28,,3704.42e6,,4.42,0xe8e8
,,,,,,,,FILT_4G_1P4M_4G_1P4M_0P63M,4G-1P4M,-28,,3700.63e6,,0.63,0xe8e8
,,,,,,,,FILT_4G_5M_4G_5M_2P25M,4G-5M,-28,,3702.25e6,,2.25,
,,,,,,,,FILT_4G_10M_4G_10M_4P5M,4G-10M,-28,,3704.5e6,,4.5,0xe9e9
,,,,,,,,FILT_4G_20M_4G_20M_9M,4G-20M,-28,,3709e6,,9,0xe9e9
,,,,,,,,FILT_4G_40M_4G_40M_19M,4G-40M,-28,,3719e6,,19,0xe9e9
,,,,,,,,,,,,,,,0xe9e9
RX,43,TXFB_2,A,2,0
,,,,,,GAIN,1,GAIN,3G-SC,4,,3700.1e6,,0.1,
,,,,,,IIP,1,IIP2_IB_3G,3G-SC,1,,3692e6,3690e6,2,0
RX,43,DRX_UHB2,B,1,0
,,,,,,IIP,6,IIP3_IB_4G_1.4M,4G-1.4MHz,-50,,3697.1e6,3694.4e6,0.2,0x8383
,,,,,,,,IIP3_IB_4G_5M,4G-5MHz,-50,,3689.9e6,3680e6,0.2,0x8383
,,,,,,,,IIP3_IB_4G_10M,4G-10MHz,-50,,3687.4e6,3675e6,0.2,0x8383
,,,,,,,,IIP3_IB_4G_15M,4G-15MHz,-50,,3684.9e6,3670e6,0.2,0x8383
,,,,,,,,IIP3_IB_4G_20M,4G-20MHz,-50,,3682.4e6,3665e6,0.2,0x8383
,,,,,,,,IIP3_IB_4G_40M,4G-40MHz,-50,,3672.4e6,3645e6,0.2,0xa3a3
,,,,,,GMAXDiff,1,GAIN_3G-SC_MAX_PATHD,3G-SC,-70,,3700.1e6,3700e6,0.1,0x0
,,,,,,,,GMaxDiff,,,,,,,
,,,,,,GAIN,11,GAIN_3G-SC_MAX,3G-SC,-70,,3700.1e6,3700e6,0.1,0x0
,,,,,,,,GSTEP_3G-SC_LNA_3DB,3G-SC,-70,,3700.1e6,3700e6,0.1,0x1010
,,,,,,,,GSTEP_3G-SC_LNA_6DB,3G-SC,-70,,3700.1e6,3700e6,0.1,0x2020
,,,,,,,,GSTEP_3G-SC_LNA_12DB,3G-SC,-70,,3700.1e6,3700e6,0.1,0x3030
,,,,,,,,GSTEP_3G-SC_LNA_18DB,3G-SC,-70,,3700.1e6,3700e6,0.1,0x4040
,,,,,,,,GSTEP_3G-SC_LNA_24DB,3G-SC,-70,,3700.1e6,3700e6,0.1,0x5050
,,,,,,,,GSTEP_3G-SC_LNA_30DB,3G-SC,-70,,3700.1e6,3700e6,0.1,0x6060
,,,,,,,,GSTEP_3G-SC_LNA_42DB,3G-SC,-70,,3700.1e6,3700e6,0.1,0x7070
,,,,,,,,GAIN_2G_AGC1,2G,-70,,3700.1e6,3700e6,0.1,0x0
,,,,,,,,GAIN_3G-SC_AGC1,3G-SC,-70,,3700.1e6,3700e6,0.1,0x101
,,,,,,,,GAIN_4G_AGC1,4G-10M,-70,,3700.1e6,3700e6,0.1,0x303
,,,,,,NF,1,NF_3G-SC,3G-SC,-70,,3700.1e6,3,0.1,2
,,,,,,EVM,2,EVMrms_3G-SC,3G-SC,-28,,3700e6,3,0.1,2
,,,,,,,,EVMpeak_3G-SC,3G-SC,-28,,3700e6,3,0.1,2
,,,,,,IR,1,IR_3G-SC,3G-SC,-28,,3700.1e6,3,0.1,2
,,,,,,DCOS,3,VDCOS_3G_SC_UNCAL,3G-SC,,,3,3,0,2
,,,,,,,,VDCOS_3G_SC_CAL,3G-SC,,,3,3,0,2
,,,,,,,,VDCOS_3G_SC_CALRANGE,3G-SC,,,3,3,0,2
,,,,,,FILT,18,FILT_3G_3G_SC_3P5M,3G-SC,-28,,3703.5e6,3700e6,3.5,0xe8e8
,,,,,,,,FILT_3G_3G_SC_5M,3G-SC,-28,,3705e6,3700e6,5,0xe8e8
,,,,,,,,FILT_3G_3G_SC_15M,3G-SC,-28,,3715e6,3700e6,15,0xe8e8
,,,,,,,,FILT_3G_3G_DC_7P5M,3G-DC,-28,,3707.5e6,3700e6,7.5,0xe8e8
,,,,,,,,FILT_3G_3G_DC_12P5M,3G-DC,-28,,3712.5e6,3700e6,12.5,0xe8e8
,,,,,,,,FILT_3G_3G_DC_20M,3G-DC,-28,,3720e6,3700e6,20,0xe8e8
,,,,,,,,FILT_CDMA2k_CDMA2k_1P26M,CDMA2k,-28,,3701.26e6,3700e6,1.26,0xe8e8
,,,,,,,,FILT_TDSCDMA_TDSCDMA_1P5M,TDSCDMA,-28,,3701.5e6,3700e6,1.5,0xe8e8
,,,,,,,,FILT_4G_1P4M_4G_1P4M_2P64M,4G-1P4M,-28,,3702.64e6,3700e6,2.64,0xe8e8
,,,,,,,,FILT_4G_5M_4G_5M_5M,4G-5M,-28,,3705e6,3700e6,5,0xe9e9
,,,,,,,,FILT_4G_5M_4G_5M_10M,4G-5M,-28,,3710e6,3700e6,10,0xe9e9
,,,,,,,,FILT_4G_5M_4G_5M_15M,4G-5M,-28,,3715e6,3700e6,15,0xe9e9
,,,,,,,,FILT_4G_10M_4G_10M_7P5M,4G-10M,-28,,3707.5e6,3700e6,7.5,0xe9e9
,,,,,,,,FILT_4G_10M_4G_10M_12P5M,4G-10M,-28,,3712.5e6,3700e6,12.5,0xe9e9
,,,,,,,,FILT_4G_10M_4G_10M_25M,4G-10M,-28,,3725e6,3700e6,25,0xe9e9
,,,,,,,,FILT_4G_20M_4G_20M_15M,4G-20M,-28,,3715e6,3700e6,15,0xe9e9
,,,,,,,,FILT_4G_20M_4G_20M_22P5M,4G-20M,-28,,3722.5e6,3700e6,22.5,0xe9e9
,,,,,,,,FILT_4G_40M_4G_40M_40M,4G-40M,-28,,3740e6,3700e6,40,0xe9e9
,,,,,,FILT2,7,FILT_3G_3G_SC_1P92M,3G-SC,-28,,3701.92e6,3700e6,1.92,0xe8e8
,,,,,,,,FILT_3G_3G_DC_4P42M,3G-DC,-28,,3704.42e6,,4.42,0xe8e8
,,,,,,,,FILT_4G_1P4M_4G_1P4M_0P63M,4G-1P4M,-28,,3700.63e6,,0.63,0xe8e8
,,,,,,,,FILT_4G_5M_4G_5M_2P25M,4G-5M,-28,,3702.25e6,,2.25,
,,,,,,,,FILT_4G_10M_4G_10M_4P5M,4G-10M,-28,,3704.5e6,,4.5,0xe9e9
,,,,,,,,FILT_4G_20M_4G_20M_9M,4G-20M,-28,,3709e6,,9,0xe9e9
,,,,,,,,FILT_4G_40M_4G_40M_19M,4G-40M,-28,,3719e6,,19,0xe9e9
,,,,,,,,,,,,,,,0xe9e9
RX,43,MRX_UHB2,A,1,0
,,,,,,IIP,2,IIP3_IB_4G_20M,4G-20MHz,-50,,3682.4e6,3665e6,0.2,0x8383
,,,,,,,,IIP3_IB_4G_40M,4G-40MHz,-50,,3672.4e6,3645e6,0.2,0xa3a3
,,,,,,GAIN,11,GAIN_3G-SC_MAX,3G-SC,-70,,3700.1e6,3700e6,0.1,0x0
,,,,,,,,GSTEP_3G-SC_LNA_3DB,3G-SC,-70,,3700.1e6,3700e6,0.1,0x1010
,,,,,,,,GSTEP_3G-SC_LNA_6DB,3G-SC,-70,,3700.1e6,3700e6,0.1,0x2020
,,,,,,,,GSTEP_3G-SC_LNA_12DB,3G-SC,-70,,3700.1e6,3700e6,0.1,0x3030
,,,,,,,,GSTEP_3G-SC_LNA_18DB,3G-SC,-70,,3700.1e6,3700e6,0.1,0x4040
,,,,,,,,GSTEP_3G-SC_LNA_24DB,3G-SC,-70,,3700.1e6,3700e6,0.1,0x5050
,,,,,,,,GSTEP_3G-SC_LNA_30DB,3G-SC,-70,,3700.1e6,3700e6,0.1,0x6060
,,,,,,,,GSTEP_3G-SC_LNA_42DB,3G-SC,-70,,3700.1e6,3700e6,0.1,0x7070
,,,,,,,,GAIN_2G_AGC1,2G,-70,,3700.1e6,3700e6,0.1,0x0
,,,,,,,,GAIN_3G-SC_AGC1,3G-SC,-70,,3700.1e6,3700e6,0.1,0x101
,,,,,,,,GAIN_4G_AGC1,4G,-70,,3700.1e6,3700e6,0.1,0x303
,,,,,,NF,1,NF_3G-SC,3G-SC,-70,,3700.1e6,13,0.1,2
,,,,,,EVM,2,EVMrms_3G-SC,3G-SC,-28,,3700e6,13,0.1,2
,,,,,,,,EVMpeak_3G-SC,3G-SC,-28,,3700e6,13,0.1,2
,,,,,,IR,1,IR_3G-SC,3G-SC,-28,,3700.1e6,13,0.1,2
,,,,,,DCOS,3,VDCOS_3G_SC_UNCAL,3G-SC,,,13,13,0,2
,,,,,,,,VDCOS_3G_SC_CAL,3G-SC,,,13,13,0,2
,,,,,,,,VDCOS_3G_SC_CALRANGE,3G-SC,,,13,13,0,2
,,,,,,FILT,22,FILT_2G_2G_400k,2G,-28,,3700.4e6,3700e6,0.4,0xf7f7
,,,,,,,,FILT_2G_2G_600k,2G,-28,,3700.6e6,3700e6,0.6,0xf7f7
,,,,,,,,FILT_2G_2G_800k,2G,-28,,3700.8e6,3700e6,0.8,0xf7f7
,,,,,,,,FILT_2G_2G_1P6M,2G,-28,,3701.6e6,3700e6,1.6,0xf7f7
,,,,,,,,FILT_3G_3G_SC_3P5M,3G-SC,-28,,3703.5e6,3700e6,3.5,0xe8e8
,,,,,,,,FILT_3G_3G_SC_5M,3G-SC,-28,,3705e6,3700e6,5,0xe8e8
,,,,,,,,FILT_3G_3G_SC_15M,3G-SC,-28,,3715e6,3700e6,15,0xe8e8
,,,,,,,,FILT_3G_3G_DC_7P5M,3G-DC,-28,,3707.5e6,3700e6,7.5,0xe8e8
,,,,,,,,FILT_3G_3G_DC_12P5M,3G-DC,-28,,3712.5e6,3700e6,12.5,0xe8e8
,,,,,,,,FILT_3G_3G_DC_20M,3G-DC,-28,,3720e6,3700e6,20,0xe8e8
,,,,,,,,FILT_CDMA2k_CDMA2k_1P26M,CDMA2k,-28,,3701.26e6,3700e6,1.26,0xe8e8
,,,,,,,,FILT_TDSCDMA_TDSCDMA_1P5M,TDSCDMA,-28,,3701.5e6,3700e6,1.5,0xe8e8
,,,,,,,,FILT_4G_1P4M_4G_1P4M_2P64M,4G-1P4M,-28,,3702.64e6,3700e6,2.64,0xe8e8
,,,,,,,,FILT_4G_5M_4G_5M_5M,4G-5M,-28,,3705e6,3700e6,5,0xe9e9
,,,,,,,,FILT_4G_5M_4G_5M_10M,4G-5M,-28,,3710e6,3700e6,10,0xe9e9
,,,,,,,,FILT_4G_5M_4G_5M_15M,4G-5M,-28,,3715e6,3700e6,15,0xe9e9
,,,,,,,,FILT_4G_10M_4G_10M_7P5M,4G-10M,-28,,3707.5e6,3700e6,7.5,0xe9e9
,,,,,,,,FILT_4G_10M_4G_10M_12P5M,4G-10M,-28,,3712.5e6,3700e6,12.5,0xe9e9
,,,,,,,,FILT_4G_10M_4G_10M_25M,4G-10M,-28,,3725e6,3700e6,25,0xe9e9
,,,,,,,,FILT_4G_20M_4G_20M_15M,4G-20M,-28,,3715e6,3700e6,15,0xe9e9
,,,,,,,,FILT_4G_20M_4G_20M_22P5M,4G-20M,-28,,3722.5e6,3700e6,22.5,0xe9e9
,,,,,,,,FILT_4G_40M_4G_40M_40M,4G-40M,-28,,3740e6,3700e6,40,0xe9e9
,,,,,,FILT2,7,FILT_3G_3G_SC_1P92M,3G-SC,-28,,3701.92e6,3700e6,1.92,0xe8e8
,,,,,,,,FILT_3G_3G_DC_4P42M,3G-DC,-28,,3704.42e6,,4.42,0xe8e8
,,,,,,,,FILT_4G_1P4M_4G_1P4M_0P63M,4G-1P4M,-28,,3700.63e6,,0.63,0xe8e8
,,,,,,,,FILT_4G_5M_4G_5M_2P25M,4G-5M,-28,,3702.25e6,,2.25,
,,,,,,,,FILT_4G_10M_4G_10M_4P5M,4G-10M,-28,,3704.5e6,,4.5,0xe9e9
,,,,,,,,FILT_4G_20M_4G_20M_9M,4G-20M,-28,,3709e6,,9,0xe9e9
,,,,,,,,FILT_4G_40M_4G_40M_19M,4G-40M,-28,,3719e6,,19,0xe9e9
,,,,,,,,,,,,,,,0xe9e9
RX,31,TXFB_1,A,2,0
,,,,,,GAIN,3,GAIN,3G-SC,4,,455.1e6,,0.1,
,,,,,,,,GAIN_MID,3G-SC,4,,455.1e6,,0.1,
,,,,,,,,GAIN_MIN,3G-SC,4,,455.1e6,,0.1,
,,,,,,NF,1,NF_3G-SC,3G-SC,4,,455.1e6,0,0.1,2
,,,,,,IIP,2,IIP3_IB_3G,3G-SC,1,,447e6,445e6,6,0
,,,,,,,,IIP3_OOB_4G_20M,4G-20M,4,,446e6,465e6,8,0
,,,,,,DCOS,3,VDCOS_3G_SC_UNCAL,3G-SC,,,18,18,0,2
,,,,,,,,VDCOS_3G_SC_CAL,3G-SC,,,18,18,0,2
,,,,,,,,VDCOS_3G_SC_CALRANGE,3G-SC,,,18,18,0,2
,,,,,,EVM,2,EVMrms_4G-10M,4G-10M,4,,455e6,18,0.1,2
,,,,,,,,EVMpeak_4G-10M,4G-10M,-4,,455e6,18,0.1,2
,,,,,,IR,1,IR_3G-SC,3G-SC,4,,455.1e6,18,0.1,2
RX,31,TXFB_2,A,2,0
,,,,,,GAIN,1,GAIN,3G-SC,4,,455.1e6,,0.1,
,,,,,,IIP,1,IIP3_IB_3G,3G-SC,1,,447e6,445e6,2,0
RX,31,DRX_LB1,B,2,0
,,,,,,IIP,5,IIP3_IB_4G_5M,4G-5MHz,-50,,454.9e6,445e6,0.2,0x8383
,,,,,,,,IIP3_OB_HDUP_4G_5M,4G-5MHz,-30,,460.1e6,455e6,0.2,0x8383
,,,,,,,,IIP3_OB_2DUP_4G_5M,4G-5MHz,-30,,445.1e6,455e6,0.1,0x8383
,,,,,,,,IIP2_OB_4G_1.4M,4G-1.4MHz,-30,,455.1e6,455e6,0.1,0x8080
,,,,,,,,IIP2_OB_4G_5M,4G-5MHz,-30,,455.1e6,455e6,0.1,0x8080
,,,,,,GAIN,9,GAIN_3G-SC_MAX,3G-SC,-70,,465.1e6,465e6,0.1,0x0
,,,,,,,,GSTEP_3G-SC_LNA_3DB,3G-SC,-70,,465.1e6,465e6,0.1,0x1010
,,,,,,,,GSTEP_3G-SC_LNA_6DB,3G-SC,-70,,465.1e6,465e6,0.1,0x2020
,,,,,,,,GSTEP_3G-SC_LNA_12DB,3G-SC,-70,,465.1e6,465e6,0.1,0x3030
,,,,,,,,GSTEP_3G-SC_LNA_18DB,3G-SC,-70,,465.1e6,465e6,0.1,0x4040
,,,,,,,,GSTEP_3G-SC_LNA_24DB,3G-SC,-70,,465.1e6,465e6,0.1,0x5050
,,,,,,,,GSTEP_3G-SC_LNA_30DB,3G-SC,-70,,465.1e6,465e6,0.1,0x6060
,,,,,,,,GSTEP_3G-SC_LNA_42DB,3G-SC,-70,,465.1e6,465e6,0.1,0x7070
,,,,,,,,GAIN_4G_AGC1,4G,-70,,465.1e6,465e6,0.1,0x303
,,,,,,GSTEP_VGA,12,GSTEP_3G-SC_VGA_2DB,3G-SC,-70,,465.1e6,465e6,0.1,0x101
,,,,,,,,GSTEP_3G-SC_VGA_4DB,3G-SC,-70,,465.1e6,465e6,0.1,0x202
,,,,,,,,GSTEP_3G-SC_VGA_6DB,3G-SC,-70,,465.1e6,465e6,0.1,0x303
,,,,,,,,GSTEP_3G-SC_VGA_8DB,3G-SC,-70,,465.1e6,465e6,0.1,0x404
,,,,,,,,GSTEP_3G-SC_VGA_10DB,3G-SC,-70,,465.1e6,465e6,0.1,0x505
,,,,,,,,GSTEP_3G-SC_VGA_12DB,3G-SC,-70,,465.1e6,465e6,0.1,0x606
,,,,,,,,GSTEP_3G-SC_VGA_14DB,3G-SC,-70,,465.1e6,465e6,0.1,0x707
,,,,,,,,GSTEP_3G-SC_VGA_16DB,3G-SC,-70,,465.1e6,465e6,0.1,0x808
,,,,,,,,GSTEP_3G-SC_VGA_18DB,3G-SC,-70,,465.1e6,465e6,0.1,0x909
,,,,,,,,GSTEP_3G-SC_VGA_20DB,3G-SC,-70,,465.1e6,465e6,0.1,0xa0a
,,,,,,,,GSTEP_3G-SC_VGA_22DB,3G-SC,-70,,465.1e6,465e6,0.1,0xb0b
,,,,,,,,GSTEP_3G-SC_VGA_24DB,3G-SC,-70,,465.1e6,465e6,0.1,0xc0c
,,,,,,NF,1,NF_3G-SC,3G-SC,-70,,465.1e6,0,0.1,2
,,,,,,EVM,2,EVMrms_3G-SC,3G-SC,-28,,465e6,0,0.1,2
,,,,,,,,EVMpeak_3G-SC,3G-SC,-28,,465e6,0,0.1,2
,,,,,,IR,1,IR_3G-SC,3G-SC,-28,,465.1e6,0,0.1,2
,,,,,,DCOS,1,VDCOS_3G_SC_UNCAL,3G-SC,,,0,0,0,2
,,,,,,DCOS_SWEEP,9,VDCOS_3G_SC_UNCAL,3G-SC,,,0,0,0,0x0000
,,,,,,,,,,,,,,,0x0101
,,,,,,,,,,,,,,,0x0202
,,,,,,,,,,,,,,,0x0404
,,,,,,,,,,,,,,,0x0808
,,,,,,,,,,,,,,,0x1010
,,,,,,,,,,,,,,,0x2020
,,,,,,,,,,,,,,,0x4040
,,,,,,,,,,,,,,,0x8080
,,,,,,IIP_CAL3,1,IIP2_OB_CAL_3G,3G-SC,-30,,455.1e6,455e6,0.1,0
,,,,,,IIP_CAL9,1,IIP2_OB_CAL_3G,3G-SC,-30,,455.1e6,455e6,0.1,0
RX,5,TXFB_1,A,2,0
,,,,,,GAINSWEEP,41,APCSweep,,-30,,836.6e6,,0.1,0x0
,,,,,,,,,,10,,,,0.1,
,,,,,,,,,,1,,,,0.1,
,,,,,,GAIN,3,GAIN,3G-SC,4,,836.6e6,,0.1,
,,,,,,,,GAIN_MID,3G-SC,4,,836.6e6,,0.1,
,,,,,,,,GAIN_MIN,3G-SC,4,,836.6e6,,0.1,
,,,,,,NF,1,NF_3G-SC,3G-SC,4,,836.6e6,0,0.1,2
,,,,,,IIP,2,IIP3_IB_3G,3G-SC,1,,828.5e6,826.5e6,6,0
,,,,,,,,IIP3_OOB_4G_20M,4G-20M,4,,827.5e6,846.5e6,8,0
,,,,,,DCOS,3,VDCOS_3G_SC_UNCAL,3G-SC,,,18,18,0,2
,,,,,,,,VDCOS_3G_SC_CAL,3G-SC,,,18,18,0,2
,,,,,,,,VDCOS_3G_SC_CALRANGE,3G-SC,,,18,18,0,2
,,,,,,EVM,2,EVMrms_4G-10M,3G-SC,4,,836.5e6,18,0.1,2
,,,,,,,,EVMpeak_4G-10M,3G-SC,-4,,836.5e6,18,0.1,2
,,,,,,IR,1,IR_3G-SC,3G-SC,4,,836.6e6,18,0.1,2
,,,,,,SWEEP,14*3,,,-11,,881.5e6,,,0xa600
,,,,,,,,,,-10,,,,,0xa400
,,,,,,,,,,-9,,,,,0xa200
,,,,,,,,,,-8,,,,,
,,,,,,,,,,-7,,,,,
,,,,,,,,,,-6,,,,,
,,,,,,,,,,-5,,,,,
,,,,,,,,,,-4,,,,,
,,,,,,,,,,-3,,,,,
,,,,,,,,,,-2,,,,,
,,,,,,,,,,-1,,,,,
,,,,,,,,,,0,,,,,
,,,,,,,,,,1,,,,,
,,,,,,,,,,1,,,,,
,,,,,,,,,,-15,,,,,
,,,,,,,,,,-14,,,,,
,,,,,,,,,,-13,,,,,
,,,,,,,,,,-12,,,,,
,,,,,,,,,,-11,,,,,
,,,,,,,,,,-10,,,,,
,,,,,,,,,,-9,,,,,
,,,,,,,,,,-8,,,,,
,,,,,,,,,,-7,,,,,
,,,,,,,,,,-6,,,,,
,,,,,,,,,,-5,,,,,
,,,,,,,,,,-4,,,,,
,,,,,,,,,,-3,,,,,
,,,,,,,,,,-2,,,,,
,,,,,,,,,,-19,,,,,
,,,,,,,,,,-18,,,,,
,,,,,,,,,,-17,,,,,
,,,,,,,,,,-16,,,,,
,,,,,,,,,,-15,,,,,
,,,,,,,,,,-14,,,,,
,,,,,,,,,,-13,,,,,
,,,,,,,,,,-12,,,,,
,,,,,,,,,,-11,,,,,
,,,,,,,,,,-10,,,,,
,,,,,,,,,,-9,,,,,
,,,,,,,,,,-8,,,,,
,,,,,,,,,,-7,,,,,
,,,,,,,,,,-6,,,,,
RX,5,MRX_LB2,A,2,0
,,,,,,IIP,18,IIP3_IB_2G,2G,-50,,880.7e6,880e6,0.1,0x8080
,,,,,,,,IIP3_IB_3G-SC,3G-SC,-50,,878e6,875.6e6,1.1,0x8181
,,,,,,,,IIP3_IB_3G-DC,3G-DC,-50,,875.5e6,873.1e6,3.6,0x9494
,,,,,,,,IIP3_IB_4G_20M,4G-20MHz,-50,,863.9e6,846.5e6,0.2,0x8383
,,,,,,,,IIP3_OB_HDUP_3G-SC,3G-SC,-30,,859.1e6,836.5e6,0.2,0x8181
,,,,,,,,IIP3_OB_HDUP_3G-DC,3G-DC,-30,,859.1e6,836.5e6,0.2,0x8181
,,,,,,,,IIP3_OB_HDUP_CDMA2k,CDMA2k,-30,,859.1e6,836.5e6,0.2,0x8383
,,,,,,,,IIP3_OB_HDUP_4G_20M,4G-20MHz,-30,,859.1e6,836.5e6,0.2,0x8383
,,,,,,,,IIP3_OB_2DUP_3G-SC,3G-SC,-30,,791.6e6,836.5e6,0.1,0x8181
,,,,,,,,IIP3_OB_2DUP_3G-DC,3G-DC,-30,,791.6e6,836.5e6,0.1,0x8181
,,,,,,,,IIP3_OB_2DUP_CDMA2k,CDMA2k,-30,,791.6e6,836.5e6,0.1,0x8181
,,,,,,,,IIP3_OB_2DUP_4G_20M,4G-20MHz,-30,,791.6e6,836.5e6,0.1,0x8383
,,,,,,,,IIP2_IB_2G,2G,-33,,875.6e6,875.5e6,0.1,0x8080
,,,,,,,,IIP2_OB_3G-SC,3G-SC,-30,,836.6e6,836.5e6,0.1,0x8080
,,,,,,,,IIP2_OB_3G-DC,3G-DC,-30,,836.6e6,836.5e6,0.1,0x8080
,,,,,,,,IIP2_OB_CDMA2k,CDMA2k,-30,,836.6e6,836.5e6,0.1,0x8080
,,,,,,,,IIP2_OB_4G_1.4M,4G-1.4MHz,-30,,836.6e6,836.5e6,0.1,0x8080
,,,,,,,,IIP2_OB_4G_10M,4G-10MHz,-30,,836.6e6,836.5e6,0.1,0x8080
,,,,,,GAIN,11,GAIN_3G-SC_MAX,3G-SC,-70,,881.6e6,881.5e6,0.1,0x0
,,,,,,,,GSTEP_3G-SC_LNA_3DB,3G-SC,-70,,881.6e6,881.5e6,0.1,0x1010
,,,,,,,,GSTEP_3G-SC_LNA_6DB,3G-SC,-70,,881.6e6,881.5e6,0.1,0x2020
,,,,,,,,GSTEP_3G-SC_LNA_12DB,3G-SC,-70,,881.6e6,881.5e6,0.1,0x3030
,,,,,,,,GSTEP_3G-SC_LNA_18DB,3G-SC,-70,,881.6e6,881.5e6,0.1,0x4040
,,,,,,,,GSTEP_3G-SC_LNA_24DB,3G-SC,-70,,881.6e6,881.5e6,0.1,0x5050
,,,,,,,,GSTEP_3G-SC_LNA_30DB,3G-SC,-70,,881.6e6,881.5e6,0.1,0x6060
,,,,,,,,GSTEP_3G-SC_LNA_42DB,3G-SC,-70,,881.6e6,881.5e6,0.1,0x7070
,,,,,,,,GAIN_2G_AGC1,2G,-70,,881.6e6,881.5e6,0.1,0x0
,,,,,,,,GAIN_3G-SC_AGC1,3G-SC,-70,,881.6e6,881.5e6,0.1,0x101
,,,,,,,,GAIN_4G_AGC1,4G-10M,-70,,881.6e6,881.5e6,0.1,0x303
,,,,,,NF,1,NF_3G-SC,3G-SC,-70,,881.6e6,0,0.1,2
,,,,,,EVM,2,EVMrms_3G-SC,3G-SC,-28,,881.5e6,19,0.1,2
,,,,,,,,EVMpeak_3G-SC,3G-SC,-28,,881.5e6,19,0.1,2
,,,,,,IR,1,IR_3G-SC,3G-SC,-28,,881.6e6,19,0.1,2
,,,,,,DCOS,3,VDCOS_3G_SC_UNCAL,3G-SC,,,19,19,0,2
,,,,,,,,VDCOS_3G_SC_CAL,3G-SC,,,19,19,0,2
,,,,,,,,VDCOS_3G_SC_CALRANGE,3G-SC,,,19,19,0,2
,,,,,,IIP_CAL3,1,IIP2_OB_CAL_3G,3G-SC,-30,,836.6e6,836.5e6,0.1,0
,,,,,,IIP_CAL9,1,IIP2_OB_CAL_3G,3G-SC,-30,,836.6e6,836.5e6,0.1,0
$end,
