//  TRX,  INT,   STRING, STRING,      INT,double,#   STRING,   int,  string_Ary, string_Ary, double_Ary, double_Ary,double_Ary,double_Ary,double_Ary,string
//RX|TX,mBand,port_name,BB_Path,RXPLL_sel,inLoss,#  test_Type, burst, type,  ifmode,      pow1,       pow2,     freq1,     freq2,  baseband, mGainReg,,
RX,40,RXRF_HB5A,A,1,0
,,,,,,FILT,15,FILT_3G_SC_3.5MHz,3G_SC,-28.0,,2353.5e6,,3.5e6,18,-3
,,,,,,,,FILT_3G_SC_5MHz,3G_SC,-28.0,,2355.0e6,,5.0e6,18,-3
,,,,,,,,FILT_3G_SC_15MHz,3G_SC,-28.0,,2365.0e6,,15.0e6,18,-3
,,,,,,,,FILT_3G_DC_7.5MHz,3G_DC,-28.0,,2357.5e6,,7.5e6,18,-3
,,,,,,,,FILT_3G_DC_12.5MHz,3G_DC,-28.0,,2362.5e6,,12.5e6,18,-3
,,,,,,,,FILT_3G_DC_20MHz,3G_DC,-28.0,,2370.0e6,,20.0e6,18,-3
,,,,,,,,FILT_4G_5MHz_5MHz,4G_5MHz,-28.0,,2355.0e6,,5.0e6,18,-5
,,,,,,,,FILT_4G_5MHz_10MHz,4G_5MHz,-28.0,,2360.0e6,,10.0e6,18,-5
,,,,,,,,FILT_4G_5MHz_15MHz,4G_5MHz,-28.0,,2365.0e6,,15.0e6,18,-5
,,,,,,,,FILT_4G_10MHz_7.5MHz,4G_10MHz,-28.0,,2357.5e6,,7.5e6,18,-5
,,,,,,,,FILT_4G_10MHz_12.5MHz,4G_10MHz,-28.0,,2362.5e6,,12.5e6,18,-5
,,,,,,,,FILT_4G_10MHz_25MHz,4G_10MHz,-28.0,,2375.0e6,,25.0e6,18,-5
,,,,,,,,FILT_4G_20MHz_15MHz,4G_20MHz,-28.0,,2365.0e6,,15.0e6,18,-5
,,,,,,,,FILT_4G_20MHz_22.5MHz,4G_20MHz,-28.0,,2372.5e6,,22.5e6,18,-5
,,,,,,,,FILT_4G_40MHz_40MHz,4G_40MHz,-28.0,,2390.0e6,,40.0e6,18,-5
,,,,,,FILT_NOLNA,15,FILT_3G_SC_3.5MHz,3G_SC,-28.0,,2353.5e6,,3.5e6,4,-3
,,,,,,,,FILT_3G_SC_5MHz,3G_SC,-28.0,,2355.0e6,,5.0e6,4,-3
,,,,,,,,FILT_3G_SC_15MHz,3G_SC,-28.0,,2365.0e6,,15.0e6,4,-3
,,,,,,,,FILT_3G_DC_7.5MHz,3G_DC,-28.0,,2357.5e6,,7.5e6,4,-3
,,,,,,,,FILT_3G_DC_12.5MHz,3G_DC,-28.0,,2362.5e6,,12.5e6,4,-3
,,,,,,,,FILT_3G_DC_20MHz,3G_DC,-28.0,,2370.0e6,,20.0e6,4,-3
,,,,,,,,FILT_4G_5MHz_5MHz,4G_5MHz,-28.0,,2355.0e6,,5.0e6,4,-5
,,,,,,,,FILT_4G_5MHz_10MHz,4G_5MHz,-28.0,,2360.0e6,,10.0e6,4,-5
,,,,,,,,FILT_4G_5MHz_15MHz,4G_5MHz,-28.0,,2365.0e6,,15.0e6,4,-5
,,,,,,,,FILT_4G_10MHz_7.5MHz,4G_10MHz,-28.0,,2357.5e6,,7.5e6,4,-5
,,,,,,,,FILT_4G_10MHz_12.5MHz,4G_10MHz,-28.0,,2362.5e6,,12.5e6,4,-5
,,,,,,,,FILT_4G_10MHz_25MHz,4G_10MHz,-28.0,,2375.0e6,,25.0e6,4,-5
,,,,,,,,FILT_4G_20MHz_15MHz,4G_20MHz,-28.0,,2365.0e6,,15.0e6,4,-5
,,,,,,,,FILT_4G_20MHz_22.5MHz,4G_20MHz,-28.0,,2372.5e6,,22.5e6,4,-5
,,,,,,,,FILT_4G_40MHz_40MHz,4G_40MHz,-28.0,,2390.0e6,,40.0e6,4,-5
,,,,,,GAIN,19,GMAX,2G,-70.0,,2350.1e6,,0.1e6,37,12
,,,,,,,,GAIN_3G_AGC1,3G_SC,-65.0,,2350.1e6,,0.1e6,37,10
,,,,,,,,GSTEP_6dB,3G_SC,-70.0,,2350.1e6,,0.1e6,31,12
,,,,,,,,GSTEP_12dB,3G_SC,-70.0,,2350.1e6,,0.1e6,25,12
,,,,,,,,GSTEP_18dB,3G_SC,-70.0,,2350.1e6,,0.1e6,19,12
,,,,,,,,GSTEP_24dB,3G_SC,-70.0,,2350.1e6,,0.1e6,13,12
,,,,,,,,GSTEP_30dB,3G_SC,-70.0,,2350.1e6,,0.1e6,7,12
,,,,,,,,VGA_GSTEP_2dB,3G_SC,-70.0,,2350.1e6,,0.1e6,37,10
,,,,,,,,VGA_GSTEP_4dB,3G_SC,-70.0,,2350.1e6,,0.1e6,37,8
,,,,,,,,VGA_GSTEP_6dB,3G_SC,-70.0,,2350.1e6,,0.1e6,37,6
,,,,,,,,VGA_GSTEP_8dB,3G_SC,-70.0,,2350.1e6,,0.1e6,37,4
,,,,,,,,VGA_GSTEP_10dB,3G_SC,-70.0,,2350.1e6,,0.1e6,37,2
,,,,,,,,VGA_GSTEP_12dB,3G_SC,-70.0,,2350.1e6,,0.1e6,37,0
,,,,,,,,VGA_GSTEP_14dB,3G_SC,-70.0,,2350.1e6,,0.1e6,37,-2
,,,,,,,,VGA_GSTEP_16dB,3G_SC,-70.0,,2350.1e6,,0.1e6,37,-4
,,,,,,,,VGA_GSTEP_18dB,3G_SC,-70.0,,2350.1e6,,0.1e6,37,-6
,,,,,,,,VGA_GSTEP_20dB,3G_SC,-70.0,,2350.1e6,,0.1e6,37,-8
,,,,,,,,VGA_GSTEP_22dB,3G_SC,-70.0,,2350.1e6,,0.1e6,37,-10
,,,,,,,,VGA_GSTEP_24dB,3G_SC,-70.0,,2350.1e6,,0.1e6,37,-12
,,,,,,GAIN_NOLNA,19,GMAX,2G,-88.0,,2350.1e6,,0.1e6,23,12
,,,,,,,,GAIN_3G_AGC1,3G_SC,-65.0,,2350.1e6,,0.1e6,23,10
,,,,,,,,GSTEP_6dB,3G_SC,-70.0,,2350.1e6,,0.1e6,31,12
,,,,,,,,GSTEP_12dB,3G_SC,-70.0,,2350.1e6,,0.1e6,25,12
,,,,,,,,GSTEP_18dB,3G_SC,-70.0,,2350.1e6,,0.1e6,19,12
,,,,,,,,GSTEP_24dB,3G_SC,-70.0,,2350.1e6,,0.1e6,13,12
,,,,,,,,GSTEP_30dB,3G_SC,-70.0,,2350.1e6,,0.1e6,7,12
,,,,,,,,VGA_GSTEP_2dB,3G_SC,-70.0,,2350.1e6,,0.1e6,23,10
,,,,,,,,VGA_GSTEP_4dB,3G_SC,-70.0,,2350.1e6,,0.1e6,23,8
,,,,,,,,VGA_GSTEP_6dB,3G_SC,-70.0,,2350.1e6,,0.1e6,23,6
,,,,,,,,VGA_GSTEP_8dB,3G_SC,-70.0,,2350.1e6,,0.1e6,23,4
,,,,,,,,VGA_GSTEP_10dB,3G_SC,-70.0,,2350.1e6,,0.1e6,23,2
,,,,,,,,VGA_GSTEP_12dB,3G_SC,-70.0,,2350.1e6,,0.1e6,23,0
,,,,,,,,VGA_GSTEP_14dB,3G_SC,-70.0,,2350.1e6,,0.1e6,23,-2
,,,,,,,,VGA_GSTEP_16dB,3G_SC,-70.0,,2350.1e6,,0.1e6,23,-4
,,,,,,,,VGA_GSTEP_18dB,3G_SC,-70.0,,2350.1e6,,0.1e6,23,-6
,,,,,,,,VGA_GSTEP_20dB,3G_SC,-70.0,,2350.1e6,,0.1e6,23,-8
,,,,,,,,VGA_GSTEP_22dB,3G_SC,-70.0,,2350.1e6,,0.1e6,23,-10
,,,,,,,,VGA_GSTEP_24dB,3G_SC,-70.0,,2350.1e6,,0.1e6,23,-12
,,,,,,IIP,3,IB_IIP3_4G_40MHz,4G_40MHz,-50.0,,2322.4e6,2295.0e6,0.2e6,31,6
,,,,,,,,OOB_IIP3_HDUP_4G_40MHz,4G_40MHz,-30.0,,2350.1e6,2350.0e6,0.1e6,37,6
,,,,,,,,OOB_IIP3_2DUP_4G_40MHz,4G_40MHz,-30.0,,2350.1e6,2350.0e6,0.1e6,37,6
,,,,,,IIP_NOLNA,3,IB_IIP3_4G_40MHz,4G_40MHz,-50.0,,2322.4e6,2295.0e6,0.2e6,17,6
,,,,,,,,OOB_IIP3_HDUP_4G_40MHz,4G_40MHz,-30.0,,2350.1e6,2350.0e6,0.1e6,23,6
,,,,,,,,OOB_IIP3_2DUP_4G_40MHz,4G_40MHz,-30.0,,2350.1e6,2350.0e6,0.1e6,23,6
,,,,,,NF,3,NF_2G,2G,-70.0,,2350.1e6,,0.1e6,37,12
,,,,,,,,NF_3G_SC,3G_SC,-70.0,,2350.1e6,,0.1e6,37,10
,,,,,,,,NF_4G_20MHz,4G_20MHz,-65.0,,2350.1e6,,0.1e6,37,10
,,,,,,NF_NOLNA,3,NF_2G,2G,-70.0,,2350.1e6,,0.1e6,23,12
,,,,,,,,NF_3G_SC,3G_SC,-70.0,,2350.1e6,,0.1e6,23,10
,,,,,,,,NF_4G_20MHz,4G_20MHz,-65.0,,2350.1e6,,0.1e6,23,10
RX,1,RXRF_HB1B,B,1,0
,,,,,,DCOS,1,DCOS_Uncal,3G_SC,,,2140.0e6,,,37,12
,,,,,,DCOS_NOLNA,1,DCOS_Uncal,3G_SC,,,2140.0e6,,,23,12
,,,,,,FILT,15,FILT_3G_SC_3.5MHz,3G_SC,-28.0,,2143.5e6,,3.5e6,18,-3
,,,,,,,,FILT_3G_SC_5MHz,3G_SC,-28.0,,2145.0e6,,5.0e6,18,-3
,,,,,,,,FILT_3G_SC_15MHz,3G_SC,-28.0,,2155.0e6,,15.0e6,18,-3
,,,,,,,,FILT_3G_DC_7.5MHz,3G_DC,-28.0,,2147.5e6,,7.5e6,18,-3
,,,,,,,,FILT_3G_DC_12.5MHz,3G_DC,-28.0,,2152.5e6,,12.5e6,18,-3
,,,,,,,,FILT_3G_DC_20MHz,3G_DC,-28.0,,2160.0e6,,20.0e6,18,-3
,,,,,,,,FILT_4G_5MHz_5MHz,4G_5MHz,-28.0,,2145.0e6,,5.0e6,18,-5
,,,,,,,,FILT_4G_5MHz_10MHz,4G_5MHz,-28.0,,2150.0e6,,10.0e6,18,-5
,,,,,,,,FILT_4G_5MHz_15MHz,4G_5MHz,-28.0,,2155.0e6,,15.0e6,18,-5
,,,,,,,,FILT_4G_10MHz_7.5MHz,4G_10MHz,-28.0,,2147.5e6,,7.5e6,18,-5
,,,,,,,,FILT_4G_10MHz_12.5MHz,4G_10MHz,-28.0,,2152.5e6,,12.5e6,18,-5
,,,,,,,,FILT_4G_10MHz_25MHz,4G_10MHz,-28.0,,2165.0e6,,25.0e6,18,-5
,,,,,,,,FILT_4G_20MHz_15MHz,4G_20MHz,-28.0,,2155.0e6,,15.0e6,18,-5
,,,,,,,,FILT_4G_20MHz_22.5MHz,4G_20MHz,-28.0,,2162.5e6,,22.5e6,18,-5
,,,,,,,,FILT_4G_40MHz_40MHz,4G_40MHz,-28.0,,2180.0e6,,40.0e6,18,-5
,,,,,,FILT_NOLNA,15,FILT_3G_SC_3.5MHz,3G_SC,-28.0,,2143.5e6,,3.5e6,4,-3
,,,,,,,,FILT_3G_SC_5MHz,3G_SC,-28.0,,2145.0e6,,5.0e6,4,-3
,,,,,,,,FILT_3G_SC_15MHz,3G_SC,-28.0,,2155.0e6,,15.0e6,4,-3
,,,,,,,,FILT_3G_DC_7.5MHz,3G_DC,-28.0,,2147.5e6,,7.5e6,4,-3
,,,,,,,,FILT_3G_DC_12.5MHz,3G_DC,-28.0,,2152.5e6,,12.5e6,4,-3
,,,,,,,,FILT_3G_DC_20MHz,3G_DC,-28.0,,2160.0e6,,20.0e6,4,-3
,,,,,,,,FILT_4G_5MHz_5MHz,4G_5MHz,-28.0,,2145.0e6,,5.0e6,4,-5
,,,,,,,,FILT_4G_5MHz_10MHz,4G_5MHz,-28.0,,2150.0e6,,10.0e6,4,-5
,,,,,,,,FILT_4G_5MHz_15MHz,4G_5MHz,-28.0,,2155.0e6,,15.0e6,4,-5
,,,,,,,,FILT_4G_10MHz_7.5MHz,4G_10MHz,-28.0,,2147.5e6,,7.5e6,4,-5
,,,,,,,,FILT_4G_10MHz_12.5MHz,4G_10MHz,-28.0,,2152.5e6,,12.5e6,4,-5
,,,,,,,,FILT_4G_10MHz_25MHz,4G_10MHz,-28.0,,2165.0e6,,25.0e6,4,-5
,,,,,,,,FILT_4G_20MHz_15MHz,4G_20MHz,-28.0,,2155.0e6,,15.0e6,4,-5
,,,,,,,,FILT_4G_20MHz_22.5MHz,4G_20MHz,-28.0,,2162.5e6,,22.5e6,4,-5
,,,,,,,,FILT_4G_40MHz_40MHz,4G_40MHz,-28.0,,2180.0e6,,40.0e6,4,-5
,,,,,,GAIN,10,GMAX,2G,-70.0,,2140.1e6,,0.1e6,37,12
,,,,,,,,GAIN_2G_AGC1,2G,-70.0,,2140.1e6,,0.1e6,37,12
,,,,,,,,GAIN_3G_AGC1,3G_SC,-65.0,,2140.1e6,,0.1e6,37,10
,,,,,,,,GAIN_4G_AGC1,4G_10MHz,-61.0,,2140.1e6,,0.1e6,37,6
,,,,,,,,GSTEP_6dB,3G_SC,-70.0,,2140.1e6,,0.1e6,31,12
,,,,,,,,GSTEP_12dB,3G_SC,-70.0,,2140.1e6,,0.1e6,25,12
,,,,,,,,GSTEP_18dB,3G_SC,-70.0,,2140.1e6,,0.1e6,19,12
,,,,,,,,GSTEP_24dB,3G_SC,-70.0,,2140.1e6,,0.1e6,13,12
,,,,,,,,GSTEP_30dB,3G_SC,-70.0,,2140.1e6,,0.1e6,7,12
,,,,,,,,GSTEP_42dB,3G_SC,-70.0,,2140.1e6,,0.1e6,1,12
,,,,,,GAIN_NOLNA,10,GMAX,2G,-88.0,,2140.1e6,,0.1e6,23,12
,,,,,,,,GAIN_2G_AGC1,2G,-88.0,,2140.1e6,,0.1e6,23,12
,,,,,,,,GAIN_3G_AGC1,3G_SC,-65.0,,2140.1e6,,0.1e6,23,10
,,,,,,,,GAIN_4G_AGC1,4G_10MHz,-61.0,,2140.1e6,,0.1e6,23,6
,,,,,,,,GSTEP_6dB,3G_SC,-70.0,,2140.1e6,,0.1e6,31,12
,,,,,,,,GSTEP_12dB,3G_SC,-70.0,,2140.1e6,,0.1e6,25,12
,,,,,,,,GSTEP_18dB,3G_SC,-70.0,,2140.1e6,,0.1e6,19,12
,,,,,,,,GSTEP_24dB,3G_SC,-70.0,,2140.1e6,,0.1e6,13,12
,,,,,,,,GSTEP_30dB,3G_SC,-70.0,,2140.1e6,,0.1e6,7,12
,,,,,,,,GSTEP_42dB,3G_SC,-70.0,,2140.1e6,,0.1e6,1,12
,,,,,,GAIN_eDSDS,1,GAIN_eDSDS_All_max,2G,-88.0,,2140.1e6,,0.1e6,37,12
,,,,,,GAIN_eDSDS_NOLNA,1,GAIN_eDSDS_All_max,2G,-88.0,,2140.1e6,,0.1e6,23,12
,,,,,,IIP,26,IB_IIP3_2G,2G,-50.0,,2139.2e6,2138.5e6,0.1e6,37,12
,,,,,,,,IB_IIP3_3G_SC,3G_SC,-50.0,,2136.5e6,2134.1e6,1.1e6,37,10
,,,,,,,,IB_IIP3_3G_DC,3G_DC,-50.0,,2134.0e6,2131.6e6,3.6e6,34,5
,,,,,,,,IB_IIP3_TDSCDMA,TDSCDMA,-50.0,,2136.7e6,2133.6e6,0.2e6,37,10
,,,,,,,,IB_IIP3_4G_1.4MHz,4G_1.4MHz,-50.0,,2137.1e6,2134.4e6,0.2e6,37,6
,,,,,,,,IB_IIP3_4G_5MHz,4G_5MHz,-50.0,,2129.9e6,2120.0e6,0.2e6,37,6
,,,,,,,,IB_IIP3_4G_10MHz,4G_10MHz,-50.0,,2127.4e6,2115.0e6,0.2e6,37,6
,,,,,,,,IB_IIP3_4G_15MHz,4G_15MHz,-50.0,,2124.9e6,2110.0e6,0.2e6,37,6
,,,,,,,,IB_IIP3_4G_20MHz,4G_20MHz,-50.0,,2122.4e6,2105.0e6,0.2e6,37,6
,,,,,,,,OOB_IIP3_HDUP_3G_SC,3G_SC,-30.0,,2045.1e6,1950.0e6,0.2e6,37,10
,,,,,,,,OOB_IIP3_HDUP_3G_DC,3G_DC,-30.0,,2045.1e6,1950.0e6,0.2e6,37,10
,,,,,,,,OOB_IIP3_HDUP_4G_20MHz,4G_20MHz,-30.0,,2045.1e6,1950.0e6,0.2e6,37,6
,,,,,,,,OOB_IIP3_2DUP_3G_SC,3G_SC,-30.0,,1760.1e6,1950.0e6,0.1e6,37,10
,,,,,,,,OOB_IIP3_2DUP_3G_DC,3G_DC,-30.0,,1760.1e6,1950.0e6,0.1e6,37,10
,,,,,,,,OOB_IIP3_2DUP_4G_5MHz,4G_5MHz,-30.0,,1760.1e6,1950.0e6,0.1e6,37,6
,,,,,,,,OOB_IIP3_2DUP_4G_10MHz,4G_10MHz,-30.0,,1760.1e6,1950.0e6,0.1e6,37,6
,,,,,,,,OOB_IIP3_2DUP_4G_15MHz,4G_15MHz,-30.0,,1760.1e6,1950.0e6,0.1e6,37,6
,,,,,,,,OOB_IIP3_2DUP_4G_20MHz,4G_20MHz,-30.0,,1760.1e6,1950.0e6,0.1e6,37,6
,,,,,,,,IB_IIP2_2G_Uncal,2G,-33.0,,2134.1e6,2134.0e6,0.1e6,37,12
,,,,,,,,OOB_IIP2_4G_1.4MHz_Uncal,4G_1.4MHz,-30.0,,1950.1e6,1950.0e6,0.1e6,37,12
,,,,,,,,OOB_IIP2_4G_3MHz_Uncal,4G_3MHz,-30.0,,1950.1e6,1950.0e6,0.1e6,37,12
,,,,,,,,OOB_IIP2_4G_5MHz_Uncal,4G_5MHz,-30.0,,1950.1e6,1950.0e6,0.1e6,37,12
,,,,,,,,OOB_IIP2_4G_10MHz_Uncal,4G_10MHz,-30.0,,1950.1e6,1950.0e6,0.1e6,37,12
,,,,,,,,OOB_IIP2_4G_15MHz_Uncal,4G_15MHz,-30.0,,1950.1e6,1950.0e6,0.1e6,37,12
,,,,,,,,OOB_IIP2_4G_20MHz_Uncal,4G_20MHz,-30.0,,1950.1e6,1950.0e6,0.1e6,37,12
,,,,,,,,OOB_IIP2_4G_40MHz_Uncal,4G_40MHz,-30.0,,1950.1e6,1950.0e6,0.1e6,37,12
,,,,,,IIP_NOLNA,26,IB_IIP3_2G,2G,-50.0,,2139.2e6,2138.5e6,0.1e6,23,12
,,,,,,,,IB_IIP3_3G_SC,3G_SC,-50.0,,2136.5e6,2134.1e6,1.1e6,23,10
,,,,,,,,IB_IIP3_3G_DC,3G_DC,-50.0,,2134.0e6,2131.6e6,3.6e6,20,5
,,,,,,,,IB_IIP3_TDSCDMA,TDSCDMA,-50.0,,2136.7e6,2133.6e6,0.2e6,23,10
,,,,,,,,IB_IIP3_4G_1.4MHz,4G_1.4MHz,-50.0,,2137.1e6,2134.4e6,0.2e6,23,6
,,,,,,,,IB_IIP3_4G_5MHz,4G_5MHz,-50.0,,2129.9e6,2120.0e6,0.2e6,23,6
,,,,,,,,IB_IIP3_4G_10MHz,4G_10MHz,-50.0,,2127.4e6,2115.0e6,0.2e6,23,6
,,,,,,,,IB_IIP3_4G_15MHz,4G_15MHz,-50.0,,2124.9e6,2110.0e6,0.2e6,23,6
,,,,,,,,IB_IIP3_4G_20MHz,4G_20MHz,-50.0,,2122.4e6,2105.0e6,0.2e6,23,6
,,,,,,,,OOB_IIP3_HDUP_3G_SC,3G_SC,-30.0,,2045.1e6,1950.0e6,0.2e6,23,10
,,,,,,,,OOB_IIP3_HDUP_3G_DC,3G_DC,-30.0,,2045.1e6,1950.0e6,0.2e6,23,10
,,,,,,,,OOB_IIP3_HDUP_4G_20MHz,4G_20MHz,-30.0,,2045.1e6,1950.0e6,0.2e6,23,6
,,,,,,,,OOB_IIP3_2DUP_3G_SC,3G_SC,-30.0,,1760.1e6,1950.0e6,0.1e6,23,10
,,,,,,,,OOB_IIP3_2DUP_3G_DC,3G_DC,-30.0,,1760.1e6,1950.0e6,0.1e6,23,10
,,,,,,,,OOB_IIP3_2DUP_4G_5MHz,4G_5MHz,-30.0,,1760.1e6,1950.0e6,0.1e6,23,6
,,,,,,,,OOB_IIP3_2DUP_4G_10MHz,4G_10MHz,-30.0,,1760.1e6,1950.0e6,0.1e6,23,6
,,,,,,,,OOB_IIP3_2DUP_4G_15MHz,4G_15MHz,-30.0,,1760.1e6,1950.0e6,0.1e6,23,6
,,,,,,,,OOB_IIP3_2DUP_4G_20MHz,4G_20MHz,-30.0,,1760.1e6,1950.0e6,0.1e6,23,6
,,,,,,,,IB_IIP2_2G_Uncal,2G,-33.0,,2134.1e6,2134.0e6,0.1e6,23,12
,,,,,,,,OOB_IIP2_4G_1.4MHz_Uncal,4G_1.4MHz,-30.0,,1950.1e6,1950.0e6,0.1e6,23,12
,,,,,,,,OOB_IIP2_4G_3MHz_Uncal,4G_3MHz,-30.0,,1950.1e6,1950.0e6,0.1e6,23,12
,,,,,,,,OOB_IIP2_4G_5MHz_Uncal,4G_5MHz,-30.0,,1950.1e6,1950.0e6,0.1e6,23,12
,,,,,,,,OOB_IIP2_4G_10MHz_Uncal,4G_10MHz,-30.0,,1950.1e6,1950.0e6,0.1e6,23,12
,,,,,,,,OOB_IIP2_4G_15MHz_Uncal,4G_15MHz,-30.0,,1950.1e6,1950.0e6,0.1e6,23,12
,,,,,,,,OOB_IIP2_4G_20MHz_Uncal,4G_20MHz,-30.0,,1950.1e6,1950.0e6,0.1e6,23,12
,,,,,,,,OOB_IIP2_4G_40MHz_Uncal,4G_40MHz,-30.0,,1950.1e6,1950.0e6,0.1e6,23,12
,,,,,,IR,1,IR,3G_SC,-28.0,,2140.1e6,,0.1e6,18,-3
,,,,,,IR_NOLNA,1,IR,3G_SC,-28.0,,2140.1e6,,0.1e6,4,-3
,,,,,,NF,5,NF_2G,2G,-70.0,,2140.1e6,,0.1e6,37,12
,,,,,,,,NF_3G_SC,3G_SC,-70.0,,2140.1e6,,0.1e6,37,10
,,,,,,,,NF_TDSCDMA,TDSCDMA,-70.0,,2140.1e6,,0.1e6,37,6
,,,,,,,,NF_4G_10MHz,4G_10MHz,-70.0,,2140.1e6,,0.1e6,37,6
,,,,,,,,NF_4G_20MHz,4G_20MHz,-65.0,,2140.1e6,,0.1e6,37,10
,,,,,,NF_NOLNA,5,NF_2G,2G,-70.0,,2140.1e6,,0.1e6,23,12
,,,,,,,,NF_3G_SC,3G_SC,-70.0,,2140.1e6,,0.1e6,23,10
,,,,,,,,NF_TDSCDMA,TDSCDMA,-70.0,,2140.1e6,,0.1e6,23,6
,,,,,,,,NF_4G_10MHz,4G_10MHz,-70.0,,2140.1e6,,0.1e6,23,6
,,,,,,,,NF_4G_20MHz,4G_20MHz,-65.0,,2140.1e6,,0.1e6,23,10
RX,23,RXRF_HB4A,A,1,0
,,,,,,GAIN,8,GMAX,2G,-70.0,,2190.1e6,,0.1e6,37,12
,,,,,,,,GAIN_3G_AGC1,3G_SC,-65.0,,2190.1e6,,0.1e6,37,10
,,,,,,,,GSTEP_6dB,3G_SC,-70.0,,2190.1e6,,0.1e6,31,12
,,,,,,,,GSTEP_12dB,3G_SC,-70.0,,2190.1e6,,0.1e6,25,12
,,,,,,,,GSTEP_18dB,3G_SC,-70.0,,2190.1e6,,0.1e6,19,12
,,,,,,,,GSTEP_24dB,3G_SC,-70.0,,2190.1e6,,0.1e6,13,12
,,,,,,,,GSTEP_30dB,3G_SC,-70.0,,2190.1e6,,0.1e6,7,12
,,,,,,,,GSTEP_42dB,3G_SC,-70.0,,2190.1e6,,0.1e6,1,12
,,,,,,GAIN_NOLNA,8,GMAX,2G,-88.0,,2190.1e6,,0.1e6,23,12
,,,,,,,,GAIN_3G_AGC1,3G_SC,-65.0,,2190.1e6,,0.1e6,23,10
,,,,,,,,GSTEP_6dB,3G_SC,-70.0,,2190.1e6,,0.1e6,31,12
,,,,,,,,GSTEP_12dB,3G_SC,-70.0,,2190.1e6,,0.1e6,25,12
,,,,,,,,GSTEP_18dB,3G_SC,-70.0,,2190.1e6,,0.1e6,19,12
,,,,,,,,GSTEP_24dB,3G_SC,-70.0,,2190.1e6,,0.1e6,13,12
,,,,,,,,GSTEP_30dB,3G_SC,-70.0,,2190.1e6,,0.1e6,7,12
,,,,,,,,GSTEP_42dB,3G_SC,-70.0,,2190.1e6,,0.1e6,1,12
,,,,,,NF,1,NF_3G_SC,3G_SC,-70.0,,2190.1e6,,0.1e6,37,10
,,,,,,NF_NOLNA,1,NF_3G_SC,3G_SC,-70.0,,2190.1e6,,0.1e6,23,10
RX,12,RXRF_LB4A,A,1,0
,,,,,,DCOS,1,DCOS_Uncal,3G_SC,,,737.5e6,,,37,12
,,,,,,DCOS_NOLNA,1,DCOS_Uncal,3G_SC,,,737.5e6,,,23,12
,,,,,,GAIN,9,GMAX,2G,-70.0,,737.6e6,,0.1e6,37,12
,,,,,,,,GAIN_3G_AGC1,3G_SC,-65.0,,737.6e6,,0.1e6,37,10
,,,,,,,,GAIN_4G_AGC1,4G_10MHz,-61.0,,737.6e6,,0.1e6,37,6
,,,,,,,,GSTEP_6dB,3G_SC,-70.0,,737.6e6,,0.1e6,31,12
,,,,,,,,GSTEP_12dB,3G_SC,-70.0,,737.6e6,,0.1e6,25,12
,,,,,,,,GSTEP_18dB,3G_SC,-70.0,,737.6e6,,0.1e6,19,12
,,,,,,,,GSTEP_24dB,3G_SC,-70.0,,737.6e6,,0.1e6,13,12
,,,,,,,,GSTEP_30dB,3G_SC,-70.0,,737.6e6,,0.1e6,7,12
,,,,,,,,GSTEP_42dB,3G_SC,-70.0,,737.6e6,,0.1e6,1,12
,,,,,,GAIN_NOLNA,9,GMAX,2G,-88.0,,737.6e6,,0.1e6,23,12
,,,,,,,,GAIN_3G_AGC1,3G_SC,-65.0,,737.6e6,,0.1e6,23,10
,,,,,,,,GAIN_4G_AGC1,4G_10MHz,-61.0,,737.6e6,,0.1e6,23,6
,,,,,,,,GSTEP_6dB,3G_SC,-70.0,,737.6e6,,0.1e6,31,12
,,,,,,,,GSTEP_12dB,3G_SC,-70.0,,737.6e6,,0.1e6,25,12
,,,,,,,,GSTEP_18dB,3G_SC,-70.0,,737.6e6,,0.1e6,19,12
,,,,,,,,GSTEP_24dB,3G_SC,-70.0,,737.6e6,,0.1e6,13,12
,,,,,,,,GSTEP_30dB,3G_SC,-70.0,,737.6e6,,0.1e6,7,12
,,,,,,,,GSTEP_42dB,3G_SC,-70.0,,737.6e6,,0.1e6,1,12
,,,,,,IIP,18,IB_IIP3_4G_1.4MHz,4G_1.4MHz,-50.0,,734.6e6,731.9e6,0.2e6,37,6
,,,,,,,,IB_IIP3_4G_5MHz,4G_5MHz,-50.0,,727.4e6,717.5e6,0.2e6,37,6
,,,,,,,,IB_IIP3_4G_10MHz,4G_10MHz,-50.0,,724.9e6,712.5e6,0.2e6,37,6
,,,,,,,,IB_IIP3_4G_15MHz,4G_15MHz,-50.0,,722.4e6,707.5e6,0.2e6,37,6
,,,,,,,,IB_IIP3_4G_20MHz,4G_20MHz,-50.0,,719.9e6,702.5e6,0.2e6,37,6
,,,,,,,,IB_IIP3_4G_40MHz,4G_40MHz,-50.0,,709.9e6,682.5e6,0.2e6,31,6
,,,,,,,,OOB_IIP3_HDUP_4G_20MHz,4G_20MHz,-30.0,,722.6e6,707.5e6,0.2e6,37,6
,,,,,,,,OOB_IIP3_2DUP_4G_5MHz,4G_5MHz,-30.0,,677.6e6,707.5e6,0.1e6,37,6
,,,,,,,,OOB_IIP3_2DUP_4G_10MHz,4G_10MHz,-30.0,,677.6e6,707.5e6,0.1e6,37,6
,,,,,,,,OOB_IIP3_2DUP_4G_15MHz,4G_15MHz,-30.0,,677.6e6,707.5e6,0.1e6,37,6
,,,,,,,,OOB_IIP3_2DUP_4G_20MHz,4G_20MHz,-30.0,,677.6e6,707.5e6,0.1e6,37,6
,,,,,,,,OOB_IIP2_4G_1.4MHz_Uncal,4G_1.4MHz,-30.0,,707.6e6,707.5e6,0.1e6,37,12
,,,,,,,,OOB_IIP2_4G_3MHz_Uncal,4G_3MHz,-30.0,,707.6e6,707.5e6,0.1e6,37,12
,,,,,,,,OOB_IIP2_4G_5MHz_Uncal,4G_5MHz,-30.0,,707.6e6,707.5e6,0.1e6,37,12
,,,,,,,,OOB_IIP2_4G_10MHz_Uncal,4G_10MHz,-30.0,,707.6e6,707.5e6,0.1e6,37,12
,,,,,,,,OOB_IIP2_4G_15MHz_Uncal,4G_15MHz,-30.0,,707.6e6,707.5e6,0.1e6,37,12
,,,,,,,,OOB_IIP2_4G_20MHz_Uncal,4G_20MHz,-30.0,,707.6e6,707.5e6,0.1e6,37,12
,,,,,,,,OOB_IIP2_4G_40MHz_Uncal,4G_40MHz,-30.0,,707.6e6,707.5e6,0.1e6,37,12
,,,,,,IIP_NOLNA,18,IB_IIP3_4G_1.4MHz,4G_1.4MHz,-50.0,,734.6e6,731.9e6,0.2e6,23,6
,,,,,,,,IB_IIP3_4G_5MHz,4G_5MHz,-50.0,,727.4e6,717.5e6,0.2e6,23,6
,,,,,,,,IB_IIP3_4G_10MHz,4G_10MHz,-50.0,,724.9e6,712.5e6,0.2e6,23,6
,,,,,,,,IB_IIP3_4G_15MHz,4G_15MHz,-50.0,,722.4e6,707.5e6,0.2e6,23,6
,,,,,,,,IB_IIP3_4G_20MHz,4G_20MHz,-50.0,,719.9e6,702.5e6,0.2e6,23,6
,,,,,,,,IB_IIP3_4G_40MHz,4G_40MHz,-50.0,,709.9e6,682.5e6,0.2e6,17,6
,,,,,,,,OOB_IIP3_HDUP_4G_20MHz,4G_20MHz,-30.0,,722.6e6,707.5e6,0.2e6,23,6
,,,,,,,,OOB_IIP3_2DUP_4G_5MHz,4G_5MHz,-30.0,,677.6e6,707.5e6,0.1e6,23,6
,,,,,,,,OOB_IIP3_2DUP_4G_10MHz,4G_10MHz,-30.0,,677.6e6,707.5e6,0.1e6,23,6
,,,,,,,,OOB_IIP3_2DUP_4G_15MHz,4G_15MHz,-30.0,,677.6e6,707.5e6,0.1e6,23,6
,,,,,,,,OOB_IIP3_2DUP_4G_20MHz,4G_20MHz,-30.0,,677.6e6,707.5e6,0.1e6,23,6
,,,,,,,,OOB_IIP2_4G_1.4MHz_Uncal,4G_1.4MHz,-30.0,,707.6e6,707.5e6,0.1e6,23,12
,,,,,,,,OOB_IIP2_4G_3MHz_Uncal,4G_3MHz,-30.0,,707.6e6,707.5e6,0.1e6,23,12
,,,,,,,,OOB_IIP2_4G_5MHz_Uncal,4G_5MHz,-30.0,,707.6e6,707.5e6,0.1e6,23,12
,,,,,,,,OOB_IIP2_4G_10MHz_Uncal,4G_10MHz,-30.0,,707.6e6,707.5e6,0.1e6,23,12
,,,,,,,,OOB_IIP2_4G_15MHz_Uncal,4G_15MHz,-30.0,,707.6e6,707.5e6,0.1e6,23,12
,,,,,,,,OOB_IIP2_4G_20MHz_Uncal,4G_20MHz,-30.0,,707.6e6,707.5e6,0.1e6,23,12
,,,,,,,,OOB_IIP2_4G_40MHz_Uncal,4G_40MHz,-30.0,,707.6e6,707.5e6,0.1e6,23,12
,,,,,,IR,1,IR,3G_SC,-28.0,,737.6e6,,0.1e6,18,-3
,,,,,,IR_NOLNA,1,IR,3G_SC,-28.0,,737.6e6,,0.1e6,4,-3
,,,,,,NF,2,NF_3G_SC,3G_SC,-70.0,,737.6e6,,0.1e6,37,10
,,,,,,,,NF_4G_10MHz,4G_10MHz,-70.0,,737.6e6,,0.1e6,37,6
,,,,,,NF_NOLNA,2,NF_3G_SC,3G_SC,-70.0,,737.6e6,,0.1e6,23,10
,,,,,,,,NF_4G_10MHz,4G_10MHz,-70.0,,737.6e6,,0.1e6,23,6
RX,8,RXRF_LB2B,B,1,0
,,,,,,DCOS,1,DCOS_Uncal,3G_SC,,,942.5e6,,,37,12
,,,,,,DCOS_NOLNA,1,DCOS_Uncal,3G_SC,,,942.5e6,,,23,12
,,,,,,GAIN,10,GMAX,2G,-70.0,,942.6e6,,0.1e6,37,12
,,,,,,,,GAIN_2G_AGC1,2G,-70.0,,942.6e6,,0.1e6,37,12
,,,,,,,,GAIN_3G_AGC1,3G_SC,-65.0,,942.6e6,,0.1e6,37,10
,,,,,,,,GAIN_4G_AGC1,4G_10MHz,-61.0,,942.6e6,,0.1e6,37,6
,,,,,,,,GSTEP_6dB,3G_SC,-70.0,,942.6e6,,0.1e6,31,12
,,,,,,,,GSTEP_12dB,3G_SC,-70.0,,942.6e6,,0.1e6,25,12
,,,,,,,,GSTEP_18dB,3G_SC,-70.0,,942.6e6,,0.1e6,19,12
,,,,,,,,GSTEP_24dB,3G_SC,-70.0,,942.6e6,,0.1e6,13,12
,,,,,,,,GSTEP_30dB,3G_SC,-70.0,,942.6e6,,0.1e6,7,12
,,,,,,,,GSTEP_42dB,3G_SC,-70.0,,942.6e6,,0.1e6,1,12
,,,,,,GAIN_NOLNA,10,GMAX,2G,-88.0,,942.6e6,,0.1e6,23,12
,,,,,,,,GAIN_2G_AGC1,2G,-88.0,,942.6e6,,0.1e6,23,12
,,,,,,,,GAIN_3G_AGC1,3G_SC,-65.0,,942.6e6,,0.1e6,23,10
,,,,,,,,GAIN_4G_AGC1,4G_10MHz,-61.0,,942.6e6,,0.1e6,23,6
,,,,,,,,GSTEP_6dB,3G_SC,-70.0,,942.6e6,,0.1e6,31,12
,,,,,,,,GSTEP_12dB,3G_SC,-70.0,,942.6e6,,0.1e6,25,12
,,,,,,,,GSTEP_18dB,3G_SC,-70.0,,942.6e6,,0.1e6,19,12
,,,,,,,,GSTEP_24dB,3G_SC,-70.0,,942.6e6,,0.1e6,13,12
,,,,,,,,GSTEP_30dB,3G_SC,-70.0,,942.6e6,,0.1e6,7,12
,,,,,,,,GSTEP_42dB,3G_SC,-70.0,,942.6e6,,0.1e6,1,12
,,,,,,GAIN_eDSDS,1,GAIN_eDSDS_All_max,2G,-88.0,,942.6e6,,0.1e6,37,12
,,,,,,GAIN_eDSDS_NOLNA,1,GAIN_eDSDS_All_max,2G,-88.0,,942.6e6,,0.1e6,23,12
,,,,,,IIP,5,IB_IIP3_4G_20MHz,4G_20MHz,-50.0,,924.9e6,907.5e6,0.2e6,37,6
,,,,,,,,IB_IIP3_4G_40MHz,4G_40MHz,-50.0,,914.9e6,887.5e6,0.2e6,31,6
,,,,,,,,OOB_IIP3_HDUP_4G_20MHz,4G_20MHz,-30.0,,920.1e6,897.5e6,0.2e6,37,6
,,,,,,,,OOB_IIP3_2DUP_4G_20MHz,4G_20MHz,-30.0,,852.6e6,897.5e6,0.1e6,37,6
,,,,,,,,OOB_IIP2_4G_1.4MHz_Uncal,4G_1.4MHz,-30.0,,897.6e6,897.5e6,0.1e6,37,12
,,,,,,IIP_NOLNA,5,IB_IIP3_4G_20MHz,4G_20MHz,-50.0,,924.9e6,907.5e6,0.2e6,23,6
,,,,,,,,IB_IIP3_4G_40MHz,4G_40MHz,-50.0,,914.9e6,887.5e6,0.2e6,17,6
,,,,,,,,OOB_IIP3_HDUP_4G_20MHz,4G_20MHz,-30.0,,920.1e6,897.5e6,0.2e6,23,6
,,,,,,,,OOB_IIP3_2DUP_4G_20MHz,4G_20MHz,-30.0,,852.6e6,897.5e6,0.1e6,23,6
,,,,,,,,OOB_IIP2_4G_1.4MHz_Uncal,4G_1.4MHz,-30.0,,897.6e6,897.5e6,0.1e6,23,12
,,,,,,IR,1,IR,3G_SC,-28.0,,942.6e6,,0.1e6,18,-3
,,,,,,IR_NOLNA,1,IR,3G_SC,-28.0,,942.6e6,,0.1e6,4,-3
,,,,,,NF,4,NF_2G,2G,-70.0,,942.6e6,,0.1e6,37,12
,,,,,,,,NF_3G_SC,3G_SC,-70.0,,942.6e6,,0.1e6,37,10
,,,,,,,,NF_4G_10MHz,4G_10MHz,-70.0,,942.6e6,,0.1e6,37,6
,,,,,,,,NF_4G_20MHz,4G_20MHz,-65.0,,942.6e6,,0.1e6,37,10
,,,,,,NF_NOLNA,4,NF_2G,2G,-70.0,,942.6e6,,0.1e6,23,12
,,,,,,,,NF_3G_SC,3G_SC,-70.0,,942.6e6,,0.1e6,23,10
,,,,,,,,NF_4G_10MHz,4G_10MHz,-70.0,,942.6e6,,0.1e6,23,6
,,,,,,,,NF_4G_20MHz,4G_20MHz,-65.0,,942.6e6,,0.1e6,23,10
RX,5,RXRF_LB1B,B,1,0
,,,,,,DCOS,3,DCOS_Uncal,3G_SC,,,881.5e6,,,37,12
,,,,,,,,DCOS_Cal,3G_SC,,,881.5e6,,,37,12
,,,,,,,,DCOS_Cal_Range,3G_SC,,,881.5e6,,,37,12
,,,,,,DCOS_NOLNA,3,DCOS_Uncal,3G_SC,,,881.5e6,,,23,12
,,,,,,,,DCOS_Cal,3G_SC,,,881.5e6,,,23,12
,,,,,,,,DCOS_Cal_Range,3G_SC,,,881.5e6,,,23,12
,,,,,,EVM,1,EVMrms_3G_SC,3G_SC,-28.0,,881.5e6,,,18,-3
,,,,,,EVM_NOLNA,2,EVMrms_3G_SC,3G_SC,-28.0,,881.5e6,,,4,-3
,,,,,,,,EVMrms_3G_SC,3G_SC,-28.0,,881.5e6,,,4,-3
,,,,,,FILT,3,FILT_CDMA2k-TDSCDMA-4G_1.4MHz_1.26MHz,CDMA2k-TDSCDMA-4G_1.4MHz,-28.0,,882.76e6,,1.26e6,18,-3
,,,,,,,,FILT_3G_3C_1.5MHz,3G_3C,-28.0,,883.0e6,,1.5e6,18,-3
,,,,,,,,FILT_3G_3C_2.64MHz,3G_3C,-28.0,,884.14e6,,2.64e6,18,-3
,,,,,,FILT_NOLNA,3,FILT_CDMA2k-TDSCDMA-4G_1.4MHz_1.26MHz,CDMA2k-TDSCDMA-4G_1.4MHz,-28.0,,882.76e6,,1.26e6,4,-3
,,,,,,,,FILT_3G_3C_1.5MHz,3G_3C,-28.0,,883.0e6,,1.5e6,4,-3
,,,,,,,,FILT_3G_3C_2.64MHz,3G_3C,-28.0,,884.14e6,,2.64e6,4,-3
,,,,,,GAIN,10,GMAX,2G,-70.0,,881.6e6,,0.1e6,37,12
,,,,,,,,GAIN_2G_AGC1,2G,-70.0,,881.6e6,,0.1e6,37,12
,,,,,,,,GAIN_3G_AGC1,3G_SC,-65.0,,881.6e6,,0.1e6,37,10
,,,,,,,,GAIN_4G_AGC1,4G_10MHz,-61.0,,881.6e6,,0.1e6,37,6
,,,,,,,,GSTEP_6dB,3G_SC,-70.0,,881.6e6,,0.1e6,31,12
,,,,,,,,GSTEP_12dB,3G_SC,-70.0,,881.6e6,,0.1e6,25,12
,,,,,,,,GSTEP_18dB,3G_SC,-70.0,,881.6e6,,0.1e6,19,12
,,,,,,,,GSTEP_24dB,3G_SC,-70.0,,881.6e6,,0.1e6,13,12
,,,,,,,,GSTEP_30dB,3G_SC,-70.0,,881.6e6,,0.1e6,7,12
,,,,,,,,GSTEP_42dB,3G_SC,-70.0,,881.6e6,,0.1e6,1,12
,,,,,,GAIN_NOLNA,10,GMAX,2G,-88.0,,881.6e6,,0.1e6,23,12
,,,,,,,,GAIN_2G_AGC1,2G,-88.0,,881.6e6,,0.1e6,23,12
,,,,,,,,GAIN_3G_AGC1,3G_SC,-65.0,,881.6e6,,0.1e6,23,10
,,,,,,,,GAIN_4G_AGC1,4G_10MHz,-61.0,,881.6e6,,0.1e6,23,6
,,,,,,,,GSTEP_6dB,3G_SC,-70.0,,881.6e6,,0.1e6,31,12
,,,,,,,,GSTEP_12dB,3G_SC,-70.0,,881.6e6,,0.1e6,25,12
,,,,,,,,GSTEP_18dB,3G_SC,-70.0,,881.6e6,,0.1e6,19,12
,,,,,,,,GSTEP_24dB,3G_SC,-70.0,,881.6e6,,0.1e6,13,12
,,,,,,,,GSTEP_30dB,3G_SC,-70.0,,881.6e6,,0.1e6,7,12
,,,,,,,,GSTEP_42dB,3G_SC,-70.0,,881.6e6,,0.1e6,1,12
,,,,,,GAIN_eDSDS,1,GAIN_eDSDS_All_max,2G,-88.0,,881.6e6,,0.1e6,37,12
,,,,,,GAIN_eDSDS_NOLNA,1,GAIN_eDSDS_All_max,2G,-88.0,,881.6e6,,0.1e6,23,12
,,,,,,IIP,27,IB_IIP3_2G,2G,-50.0,,880.7e6,880.0e6,0.1e6,37,12
,,,,,,,,IB_IIP3_3G_SC,3G_SC,-50.0,,878.0e6,875.6e6,1.1e6,37,10
,,,,,,,,IB_IIP3_3G_DC,3G_DC,-50.0,,875.5e6,873.1e6,3.6e6,34,5
,,,,,,,,IB_IIP3_4G_1.4MHz,4G_1.4MHz,-50.0,,878.6e6,875.9e6,0.2e6,37,6
,,,,,,,,IB_IIP3_4G_5MHz,4G_5MHz,-50.0,,871.4e6,861.5e6,0.2e6,37,6
,,,,,,,,IB_IIP3_4G_10MHz,4G_10MHz,-50.0,,868.9e6,856.5e6,0.2e6,37,6
,,,,,,,,IB_IIP3_4G_15MHz,4G_15MHz,-50.0,,866.4e6,851.5e6,0.2e6,37,6
,,,,,,,,IB_IIP3_4G_20MHz,4G_20MHz,-50.0,,863.9e6,846.5e6,0.2e6,37,6
,,,,,,,,OOB_IIP3_HDUP_3G_SC,3G_SC,-30.0,,859.1e6,836.5e6,0.2e6,37,10
,,,,,,,,OOB_IIP3_HDUP_3G_DC,3G_DC,-30.0,,859.1e6,836.5e6,0.2e6,37,10
,,,,,,,,OOB_IIP3_HDUP_4G_20MHz,4G_20MHz,-30.0,,859.1e6,836.5e6,0.2e6,37,6
,,,,,,,,OOB_IIP3_2DUP_3G_SC,3G_SC,-30.0,,791.6e6,836.5e6,0.1e6,37,10
,,,,,,,,OOB_IIP3_2DUP_3G_DC,3G_DC,-30.0,,791.6e6,836.5e6,0.1e6,37,10
,,,,,,,,OOB_IIP3_2DUP_4G_5MHz,4G_5MHz,-30.0,,791.6e6,836.5e6,0.1e6,37,6
,,,,,,,,OOB_IIP3_2DUP_4G_10MHz,4G_10MHz,-30.0,,791.6e6,836.5e6,0.1e6,37,6
,,,,,,,,OOB_IIP3_2DUP_4G_15MHz,4G_15MHz,-30.0,,791.6e6,836.5e6,0.1e6,37,6
,,,,,,,,OOB_IIP3_2DUP_4G_20MHz,4G_20MHz,-30.0,,791.6e6,836.5e6,0.1e6,37,6
,,,,,,,,IB_IIP2_2G_Uncal,2G,-33.0,,875.6e6,875.5e6,0.1e6,37,12
,,,,,,,,OOB_IIP2_3G_SC_Uncal,3G_SC,-30.0,,836.6e6,836.5e6,0.1e6,37,12
,,,,,,,,OOB_IIP2_3G_DC_Uncal,3G_DC,-30.0,,836.6e6,836.5e6,0.1e6,37,12
,,,,,,,,OOB_IIP2_4G_1.4MHz_Uncal,4G_1.4MHz,-30.0,,836.6e6,836.5e6,0.1e6,37,12
,,,,,,,,OOB_IIP2_4G_3MHz_Uncal,4G_3MHz,-30.0,,836.6e6,836.5e6,0.1e6,37,12
,,,,,,,,OOB_IIP2_4G_5MHz_Uncal,4G_5MHz,-30.0,,836.6e6,836.5e6,0.1e6,37,12
,,,,,,,,OOB_IIP2_4G_10MHz_Uncal,4G_10MHz,-30.0,,836.6e6,836.5e6,0.1e6,37,12
,,,,,,,,OOB_IIP2_4G_15MHz_Uncal,4G_15MHz,-30.0,,836.6e6,836.5e6,0.1e6,37,12
,,,,,,,,OOB_IIP2_4G_20MHz_Uncal,4G_20MHz,-30.0,,836.6e6,836.5e6,0.1e6,37,12
,,,,,,,,OOB_IIP2_4G_40MHz_Uncal,4G_40MHz,-30.0,,836.6e6,836.5e6,0.1e6,37,12
,,,,,,IIP_CAL3,1,OOB_IIP2_3G_SC_Cal,3G_SC,-30.0,,836.6e6,836.5e6,0.1e6,37,12
,,,,,,IIP_CAL3_NOLNA,1,OOB_IIP2_3G_SC_Cal,3G_SC,-30.0,,836.6e6,836.5e6,0.1e6,23,12
,,,,,,IIP_CAL9,1,OOB_IIP2_3G_SC_Cal,3G_SC,-30.0,,836.6e6,836.5e6,0.1e6,37,12
,,,,,,IIP_CAL9_NOLNA,1,OOB_IIP2_3G_SC_Cal,3G_SC,-30.0,,836.6e6,836.5e6,0.1e6,23,12
,,,,,,IIP_NOLNA,27,IB_IIP3_2G,2G,-50.0,,880.7e6,880.0e6,0.1e6,23,12
,,,,,,,,IB_IIP3_3G_SC,3G_SC,-50.0,,878.0e6,875.6e6,1.1e6,23,10
,,,,,,,,IB_IIP3_3G_DC,3G_DC,-50.0,,875.5e6,873.1e6,3.6e6,20,5
,,,,,,,,IB_IIP3_4G_1.4MHz,4G_1.4MHz,-50.0,,878.6e6,875.9e6,0.2e6,23,6
,,,,,,,,IB_IIP3_4G_5MHz,4G_5MHz,-50.0,,871.4e6,861.5e6,0.2e6,23,6
,,,,,,,,IB_IIP3_4G_10MHz,4G_10MHz,-50.0,,868.9e6,856.5e6,0.2e6,23,6
,,,,,,,,IB_IIP3_4G_15MHz,4G_15MHz,-50.0,,866.4e6,851.5e6,0.2e6,23,6
,,,,,,,,IB_IIP3_4G_20MHz,4G_20MHz,-50.0,,863.9e6,846.5e6,0.2e6,23,6
,,,,,,,,OOB_IIP3_HDUP_3G_SC,3G_SC,-30.0,,859.1e6,836.5e6,0.2e6,23,10
,,,,,,,,OOB_IIP3_HDUP_3G_DC,3G_DC,-30.0,,859.1e6,836.5e6,0.2e6,23,10
,,,,,,,,OOB_IIP3_HDUP_4G_20MHz,4G_20MHz,-30.0,,859.1e6,836.5e6,0.2e6,23,6
,,,,,,,,OOB_IIP3_2DUP_3G_SC,3G_SC,-30.0,,791.6e6,836.5e6,0.1e6,23,10
,,,,,,,,OOB_IIP3_2DUP_3G_DC,3G_DC,-30.0,,791.6e6,836.5e6,0.1e6,23,10
,,,,,,,,OOB_IIP3_2DUP_4G_5MHz,4G_5MHz,-30.0,,791.6e6,836.5e6,0.1e6,23,6
,,,,,,,,OOB_IIP3_2DUP_4G_10MHz,4G_10MHz,-30.0,,791.6e6,836.5e6,0.1e6,23,6
,,,,,,,,OOB_IIP3_2DUP_4G_15MHz,4G_15MHz,-30.0,,791.6e6,836.5e6,0.1e6,23,6
,,,,,,,,OOB_IIP3_2DUP_4G_20MHz,4G_20MHz,-30.0,,791.6e6,836.5e6,0.1e6,23,6
,,,,,,,,IB_IIP2_2G_Uncal,2G,-33.0,,875.6e6,875.5e6,0.1e6,23,12
,,,,,,,,OOB_IIP2_3G_SC_Uncal,3G_SC,-30.0,,836.6e6,836.5e6,0.1e6,23,12
,,,,,,,,OOB_IIP2_3G_DC_Uncal,3G_DC,-30.0,,836.6e6,836.5e6,0.1e6,23,12
,,,,,,,,OOB_IIP2_4G_1.4MHz_Uncal,4G_1.4MHz,-30.0,,836.6e6,836.5e6,0.1e6,23,12
,,,,,,,,OOB_IIP2_4G_3MHz_Uncal,4G_3MHz,-30.0,,836.6e6,836.5e6,0.1e6,23,12
,,,,,,,,OOB_IIP2_4G_5MHz_Uncal,4G_5MHz,-30.0,,836.6e6,836.5e6,0.1e6,23,12
,,,,,,,,OOB_IIP2_4G_10MHz_Uncal,4G_10MHz,-30.0,,836.6e6,836.5e6,0.1e6,23,12
,,,,,,,,OOB_IIP2_4G_15MHz_Uncal,4G_15MHz,-30.0,,836.6e6,836.5e6,0.1e6,23,12
,,,,,,,,OOB_IIP2_4G_20MHz_Uncal,4G_20MHz,-30.0,,836.6e6,836.5e6,0.1e6,23,12
,,,,,,,,OOB_IIP2_4G_40MHz_Uncal,4G_40MHz,-30.0,,836.6e6,836.5e6,0.1e6,23,12
,,,,,,IR,1,IR,3G_SC,-28.0,,881.6e6,,0.1e6,18,-3
,,,,,,IR_NOLNA,1,IR,3G_SC,-28.0,,881.6e6,,0.1e6,4,-3
,,,,,,NF,4,NF_2G,2G,-70.0,,881.6e6,,0.1e6,37,12
,,,,,,,,NF_3G_SC,3G_SC,-70.0,,881.6e6,,0.1e6,37,10
,,,,,,,,NF_4G_10MHz,4G_10MHz,-70.0,,881.6e6,,0.1e6,37,6
,,,,,,,,NF_4G_20MHz,4G_20MHz,-65.0,,881.6e6,,0.1e6,37,10
,,,,,,NF_NOLNA,4,NF_2G,2G,-70.0,,881.6e6,,0.1e6,23,12
,,,,,,,,NF_3G_SC,3G_SC,-70.0,,881.6e6,,0.1e6,23,10
,,,,,,,,NF_4G_10MHz,4G_10MHz,-70.0,,881.6e6,,0.1e6,23,6
,,,,,,,,NF_4G_20MHz,4G_20MHz,-65.0,,881.6e6,,0.1e6,23,10
RX,7,RXRF_HB7A,A,1,0
,,,,,,DCOS,3,DCOS_Uncal,3G_SC,,,2655.0e6,,,37,12
,,,,,,,,DCOS_Cal,3G_SC,,,2655.0e6,,,37,12
,,,,,,,,DCOS_Cal_Range,3G_SC,,,2655.0e6,,,37,12
,,,,,,DCOS_NOLNA,3,DCOS_Uncal,3G_SC,,,2655.0e6,,,23,12
,,,,,,,,DCOS_Cal,3G_SC,,,2655.0e6,,,23,12
,,,,,,,,DCOS_Cal_Range,3G_SC,,,2655.0e6,,,23,12
,,,,,,GAIN,9,GMAX,2G,-70.0,,2655.1e6,,0.1e6,37,12
,,,,,,,,GAIN_3G_AGC1,3G_SC,-65.0,,2655.1e6,,0.1e6,37,10
,,,,,,,,GAIN_4G_AGC1,4G_10MHz,-61.0,,2655.1e6,,0.1e6,37,6
,,,,,,,,GSTEP_6dB,3G_SC,-70.0,,2655.1e6,,0.1e6,31,12
,,,,,,,,GSTEP_12dB,3G_SC,-70.0,,2655.1e6,,0.1e6,25,12
,,,,,,,,GSTEP_18dB,3G_SC,-70.0,,2655.1e6,,0.1e6,19,12
,,,,,,,,GSTEP_24dB,3G_SC,-70.0,,2655.1e6,,0.1e6,13,12
,,,,,,,,GSTEP_30dB,3G_SC,-70.0,,2655.1e6,,0.1e6,7,12
,,,,,,,,GSTEP_42dB,3G_SC,-70.0,,2655.1e6,,0.1e6,1,12
,,,,,,GAIN_NOLNA,9,GMAX,2G,-88.0,,2655.1e6,,0.1e6,23,12
,,,,,,,,GAIN_3G_AGC1,3G_SC,-65.0,,2655.1e6,,0.1e6,23,10
,,,,,,,,GAIN_4G_AGC1,4G_10MHz,-61.0,,2655.1e6,,0.1e6,23,6
,,,,,,,,GSTEP_6dB,3G_SC,-70.0,,2655.1e6,,0.1e6,31,12
,,,,,,,,GSTEP_12dB,3G_SC,-70.0,,2655.1e6,,0.1e6,25,12
,,,,,,,,GSTEP_18dB,3G_SC,-70.0,,2655.1e6,,0.1e6,19,12
,,,,,,,,GSTEP_24dB,3G_SC,-70.0,,2655.1e6,,0.1e6,13,12
,,,,,,,,GSTEP_30dB,3G_SC,-70.0,,2655.1e6,,0.1e6,7,12
,,,,,,,,GSTEP_42dB,3G_SC,-70.0,,2655.1e6,,0.1e6,1,12
,,,,,,IIP,3,IB_IIP3_4G_10MHz,4G_10MHz,-50.0,,2642.4e6,2630.0e6,0.2e6,37,6
,,,,,,,,IB_IIP3_4G_20MHz,4G_20MHz,-50.0,,2637.4e6,2620.0e6,0.2e6,37,6
,,,,,,,,IB_IIP3_4G_40MHz,4G_40MHz,-50.0,,2627.4e6,2600.0e6,0.2e6,31,6
,,,,,,IIP_NOLNA,3,IB_IIP3_4G_10MHz,4G_10MHz,-50.0,,2642.4e6,2630.0e6,0.2e6,23,6
,,,,,,,,IB_IIP3_4G_20MHz,4G_20MHz,-50.0,,2637.4e6,2620.0e6,0.2e6,23,6
,,,,,,,,IB_IIP3_4G_40MHz,4G_40MHz,-50.0,,2627.4e6,2600.0e6,0.2e6,17,6
,,,,,,IR,1,IR,3G_SC,-28.0,,2655.1e6,,0.1e6,18,-3
,,,,,,IR_NOLNA,1,IR,3G_SC,-28.0,,2655.1e6,,0.1e6,4,-3
,,,,,,NF,3,NF_3G_SC,3G_SC,-70.0,,2655.1e6,,0.1e6,37,10
,,,,,,,,NF_4G_10MHz,4G_10MHz,-70.0,,2655.1e6,,0.1e6,37,6
,,,,,,,,NF_4G_20MHz,4G_20MHz,-65.0,,2655.1e6,,0.1e6,37,10
,,,,,,NF_NOLNA,3,NF_3G_SC,3G_SC,-70.0,,2655.1e6,,0.1e6,23,10
,,,,,,,,NF_4G_10MHz,4G_10MHz,-70.0,,2655.1e6,,0.1e6,23,6
,,,,,,,,NF_4G_20MHz,4G_20MHz,-65.0,,2655.1e6,,0.1e6,23,10
RX,2,RXRF_HB3A,A,1,0
,,,,,,DCOS,1,DCOS_Uncal,3G_SC,,,1960.0e6,,,37,12
,,,,,,DCOS_NOLNA,1,DCOS_Uncal,3G_SC,,,1960.0e6,,,23,12
,,,,,,EVM,1,EVMrms_3G_SC,3G_SC,-28.0,,1960.0e6,,,18,-3
,,,,,,EVM_NOLNA,2,EVMrms_3G_SC,3G_SC,-28.0,,1960.0e6,,,4,-3
,,,,,,,,EVMrms_3G_SC,3G_SC,-28.0,,1960.0e6,,,4,-3
,,,,,,FILT,4,FILT_2G_400kHz,2G,-28.0,,1960.4e6,,0.4e6,6,-1
,,,,,,,,FILT_2G_600kHz,2G,-28.0,,1960.6e6,,0.6e6,6,-1
,,,,,,,,FILT_2G_800kHz,2G,-28.0,,1960.8e6,,0.8e6,6,-1
,,,,,,,,FILT_2G_1.6MHz,2G,-28.0,,1961.6e6,,1.6e6,6,-1
,,,,,,FILT_NOLNA,4,FILT_2G_400kHz,2G,-28.0,,1960.4e6,,0.4e6,-8,-1
,,,,,,,,FILT_2G_600kHz,2G,-28.0,,1960.6e6,,0.6e6,-8,-1
,,,,,,,,FILT_2G_800kHz,2G,-28.0,,1960.8e6,,0.8e6,-8,-1
,,,,,,,,FILT_2G_1.6MHz,2G,-28.0,,1961.6e6,,1.6e6,-8,-1
,,,,,,GAIN,9,GMAX,2G,-70.0,,1960.1e6,,0.1e6,37,12
,,,,,,,,GAIN_3G_AGC1,3G_SC,-65.0,,1960.1e6,,0.1e6,37,10
,,,,,,,,GAIN_4G_AGC1,4G_10MHz,-61.0,,1960.1e6,,0.1e6,37,6
,,,,,,,,GSTEP_6dB,3G_SC,-70.0,,1960.1e6,,0.1e6,31,12
,,,,,,,,GSTEP_12dB,3G_SC,-70.0,,1960.1e6,,0.1e6,25,12
,,,,,,,,GSTEP_18dB,3G_SC,-70.0,,1960.1e6,,0.1e6,19,12
,,,,,,,,GSTEP_24dB,3G_SC,-70.0,,1960.1e6,,0.1e6,13,12
,,,,,,,,GSTEP_30dB,3G_SC,-70.0,,1960.1e6,,0.1e6,7,12
,,,,,,,,GSTEP_42dB,3G_SC,-70.0,,1960.1e6,,0.1e6,1,12
,,,,,,GAIN_NOLNA,9,GMAX,2G,-88.0,,1960.1e6,,0.1e6,23,12
,,,,,,,,GAIN_3G_AGC1,3G_SC,-65.0,,1960.1e6,,0.1e6,23,10
,,,,,,,,GAIN_4G_AGC1,4G_10MHz,-61.0,,1960.1e6,,0.1e6,23,6
,,,,,,,,GSTEP_6dB,3G_SC,-70.0,,1960.1e6,,0.1e6,31,12
,,,,,,,,GSTEP_12dB,3G_SC,-70.0,,1960.1e6,,0.1e6,25,12
,,,,,,,,GSTEP_18dB,3G_SC,-70.0,,1960.1e6,,0.1e6,19,12
,,,,,,,,GSTEP_24dB,3G_SC,-70.0,,1960.1e6,,0.1e6,13,12
,,,,,,,,GSTEP_30dB,3G_SC,-70.0,,1960.1e6,,0.1e6,7,12
,,,,,,,,GSTEP_42dB,3G_SC,-70.0,,1960.1e6,,0.1e6,1,12
,,,,,,IIP,11,IB_IIP3_2G,2G,-50.0,,1959.2e6,1958.5e6,0.1e6,37,12
,,,,,,,,IB_IIP3_4G_1.4MHz,4G_1.4MHz,-50.0,,1957.1e6,1954.4e6,0.2e6,37,6
,,,,,,,,IB_IIP3_4G_5MHz,4G_5MHz,-50.0,,1949.9e6,1940.0e6,0.2e6,37,6
,,,,,,,,IB_IIP3_4G_10MHz,4G_10MHz,-50.0,,1947.4e6,1935.0e6,0.2e6,37,6
,,,,,,,,IB_IIP3_4G_15MHz,4G_15MHz,-50.0,,1944.9e6,1930.0e6,0.2e6,37,6
,,,,,,,,IB_IIP3_4G_20MHz,4G_20MHz,-50.0,,1942.4e6,1925.0e6,0.2e6,37,6
,,,,,,,,IB_IIP3_4G_40MHz,4G_40MHz,-50.0,,1932.4e6,1905.0e6,0.2e6,31,6
,,,,,,,,OOB_IIP3_HDUP_4G_20MHz,4G_20MHz,-30.0,,1920.1e6,1880.0e6,0.2e6,37,6
,,,,,,,,OOB_IIP3_2DUP_4G_20MHz,4G_20MHz,-30.0,,1800.1e6,1880.0e6,0.1e6,37,6
,,,,,,,,IB_IIP2_2G_Uncal,2G,-33.0,,1954.1e6,1954.0e6,0.1e6,37,12
,,,,,,,,OOB_IIP2_4G_1.4MHz_Uncal,4G_1.4MHz,-30.0,,1880.1e6,1880.0e6,0.1e6,37,12
,,,,,,IIP_CAL3,1,OOB_IIP2_3G_SC_Cal,3G_SC,-30.0,,1880.1e6,1880.0e6,0.1e6,37,12
,,,,,,IIP_CAL3_NOLNA,1,OOB_IIP2_3G_SC_Cal,3G_SC,-30.0,,1880.1e6,1880.0e6,0.1e6,23,12
,,,,,,IIP_CAL9,1,OOB_IIP2_3G_SC_Cal,3G_SC,-30.0,,1880.1e6,1880.0e6,0.1e6,37,12
,,,,,,IIP_CAL9_NOLNA,1,OOB_IIP2_3G_SC_Cal,3G_SC,-30.0,,1880.1e6,1880.0e6,0.1e6,23,12
,,,,,,IIP_NOLNA,11,IB_IIP3_2G,2G,-50.0,,1959.2e6,1958.5e6,0.1e6,23,12
,,,,,,,,IB_IIP3_4G_1.4MHz,4G_1.4MHz,-50.0,,1957.1e6,1954.4e6,0.2e6,23,6
,,,,,,,,IB_IIP3_4G_5MHz,4G_5MHz,-50.0,,1949.9e6,1940.0e6,0.2e6,23,6
,,,,,,,,IB_IIP3_4G_10MHz,4G_10MHz,-50.0,,1947.4e6,1935.0e6,0.2e6,23,6
,,,,,,,,IB_IIP3_4G_15MHz,4G_15MHz,-50.0,,1944.9e6,1930.0e6,0.2e6,23,6
,,,,,,,,IB_IIP3_4G_20MHz,4G_20MHz,-50.0,,1942.4e6,1925.0e6,0.2e6,23,6
,,,,,,,,IB_IIP3_4G_40MHz,4G_40MHz,-50.0,,1932.4e6,1905.0e6,0.2e6,17,6
,,,,,,,,OOB_IIP3_HDUP_4G_20MHz,4G_20MHz,-30.0,,1920.1e6,1880.0e6,0.2e6,23,6
,,,,,,,,OOB_IIP3_2DUP_4G_20MHz,4G_20MHz,-30.0,,1800.1e6,1880.0e6,0.1e6,23,6
,,,,,,,,IB_IIP2_2G_Uncal,2G,-33.0,,1954.1e6,1954.0e6,0.1e6,23,12
,,,,,,,,OOB_IIP2_4G_1.4MHz_Uncal,4G_1.4MHz,-30.0,,1880.1e6,1880.0e6,0.1e6,23,12
,,,,,,IR,1,IR,3G_SC,-28.0,,1960.1e6,,0.1e6,18,-3
,,,,,,IR_NOLNA,1,IR,3G_SC,-28.0,,1960.1e6,,0.1e6,4,-3
,,,,,,NF,3,NF_2G,2G,-70.0,,1960.1e6,,0.1e6,37,12
,,,,,,,,NF_3G_SC,3G_SC,-70.0,,1960.1e6,,0.1e6,37,10
,,,,,,,,NF_4G_10MHz,4G_10MHz,-70.0,,1960.1e6,,0.1e6,37,6
,,,,,,NF_NOLNA,3,NF_2G,2G,-70.0,,1960.1e6,,0.1e6,23,12
,,,,,,,,NF_3G_SC,3G_SC,-70.0,,1960.1e6,,0.1e6,23,10
,,,,,,,,NF_4G_10MHz,4G_10MHz,-70.0,,1960.1e6,,0.1e6,23,6
RX,11,RXRF_HB2B,B,1,0
,,,,,,DCOS,1,DCOS_Uncal,3G_SC,,,1485.9e6,,,37,12
,,,,,,DCOS_NOLNA,1,DCOS_Uncal,3G_SC,,,1485.9e6,,,23,12
,,,,,,EVM,1,EVMrms_3G_SC,3G_SC,-28.0,,1485.9e6,,,18,-3
,,,,,,EVM_NOLNA,2,EVMrms_3G_SC,3G_SC,-28.0,,1485.9e6,,,4,-3
,,,,,,,,EVMrms_3G_SC,3G_SC,-28.0,,1485.9e6,,,4,-3
,,,,,,GAIN,9,GMAX,2G,-70.0,,1486.0e6,,0.1e6,37,12
,,,,,,,,GAIN_3G_AGC1,3G_SC,-65.0,,1486.0e6,,0.1e6,37,10
,,,,,,,,GAIN_4G_AGC1,4G_10MHz,-61.0,,1486.0e6,,0.1e6,37,6
,,,,,,,,GSTEP_6dB,3G_SC,-70.0,,1486.0e6,,0.1e6,31,12
,,,,,,,,GSTEP_12dB,3G_SC,-70.0,,1486.0e6,,0.1e6,25,12
,,,,,,,,GSTEP_18dB,3G_SC,-70.0,,1486.0e6,,0.1e6,19,12
,,,,,,,,GSTEP_24dB,3G_SC,-70.0,,1486.0e6,,0.1e6,13,12
,,,,,,,,GSTEP_30dB,3G_SC,-70.0,,1486.0e6,,0.1e6,7,12
,,,,,,,,GSTEP_42dB,3G_SC,-70.0,,1486.0e6,,0.1e6,1,12
,,,,,,GAIN_NOLNA,9,GMAX,2G,-88.0,,1486.0e6,,0.1e6,23,12
,,,,,,,,GAIN_3G_AGC1,3G_SC,-65.0,,1486.0e6,,0.1e6,23,10
,,,,,,,,GAIN_4G_AGC1,4G_10MHz,-61.0,,1486.0e6,,0.1e6,23,6
,,,,,,,,GSTEP_6dB,3G_SC,-70.0,,1486.0e6,,0.1e6,31,12
,,,,,,,,GSTEP_12dB,3G_SC,-70.0,,1486.0e6,,0.1e6,25,12
,,,,,,,,GSTEP_18dB,3G_SC,-70.0,,1486.0e6,,0.1e6,19,12
,,,,,,,,GSTEP_24dB,3G_SC,-70.0,,1486.0e6,,0.1e6,13,12
,,,,,,,,GSTEP_30dB,3G_SC,-70.0,,1486.0e6,,0.1e6,7,12
,,,,,,,,GSTEP_42dB,3G_SC,-70.0,,1486.0e6,,0.1e6,1,12
,,,,,,GAIN_eDSDS,1,GAIN_eDSDS_All_max,2G,-88.0,,1486.0e6,,0.1e6,37,12
,,,,,,GAIN_eDSDS_NOLNA,1,GAIN_eDSDS_All_max,2G,-88.0,,1486.0e6,,0.1e6,23,12
,,,,,,IIP,20,IB_IIP3_4G_1.4MHz,4G_1.4MHz,-50.0,,1483.0e6,1480.3e6,0.2e6,37,6
,,,,,,,,IB_IIP3_4G_5MHz,4G_5MHz,-50.0,,1475.8e6,1465.9e6,0.2e6,37,6
,,,,,,,,IB_IIP3_4G_10MHz,4G_10MHz,-50.0,,1473.3e6,1460.9e6,0.2e6,37,6
,,,,,,,,IB_IIP3_4G_15MHz,4G_15MHz,-50.0,,1470.8e6,1455.9e6,0.2e6,37,6
,,,,,,,,IB_IIP3_4G_20MHz,4G_20MHz,-50.0,,1468.3e6,1450.9e6,0.2e6,37,6
,,,,,,,,IB_IIP3_4G_40MHz,4G_40MHz,-50.0,,1458.3e6,1430.9e6,0.2e6,31,6
,,,,,,,,OOB_IIP3_HDUP_4G_20MHz,4G_20MHz,-30.0,,1462.0e6,1437.9e6,0.2e6,37,6
,,,,,,,,OOB_IIP3_HDUP_4G_40MHz,4G_40MHz,-30.0,,1462.0e6,1437.9e6,0.2e6,37,6
,,,,,,,,OOB_IIP3_2DUP_4G_5MHz,4G_5MHz,-30.0,,1390.0e6,1437.9e6,0.1e6,37,6
,,,,,,,,OOB_IIP3_2DUP_4G_10MHz,4G_10MHz,-30.0,,1390.0e6,1437.9e6,0.1e6,37,6
,,,,,,,,OOB_IIP3_2DUP_4G_15MHz,4G_15MHz,-30.0,,1390.0e6,1437.9e6,0.1e6,37,6
,,,,,,,,OOB_IIP3_2DUP_4G_20MHz,4G_20MHz,-30.0,,1390.0e6,1437.9e6,0.1e6,37,6
,,,,,,,,OOB_IIP3_2DUP_4G_40MHz,4G_40MHz,-30.0,,1390.0e6,1437.9e6,0.1e6,37,6
,,,,,,,,OOB_IIP2_4G_1.4MHz_Uncal,4G_1.4MHz,-30.0,,1438.0e6,1437.9e6,0.1e6,37,12
,,,,,,,,OOB_IIP2_4G_3MHz_Uncal,4G_3MHz,-30.0,,1438.0e6,1437.9e6,0.1e6,37,12
,,,,,,,,OOB_IIP2_4G_5MHz_Uncal,4G_5MHz,-30.0,,1438.0e6,1437.9e6,0.1e6,37,12
,,,,,,,,OOB_IIP2_4G_10MHz_Uncal,4G_10MHz,-30.0,,1438.0e6,1437.9e6,0.1e6,37,12
,,,,,,,,OOB_IIP2_4G_15MHz_Uncal,4G_15MHz,-30.0,,1438.0e6,1437.9e6,0.1e6,37,12
,,,,,,,,OOB_IIP2_4G_20MHz_Uncal,4G_20MHz,-30.0,,1438.0e6,1437.9e6,0.1e6,37,12
,,,,,,,,OOB_IIP2_4G_40MHz_Uncal,4G_40MHz,-30.0,,1438.0e6,1437.9e6,0.1e6,37,12
,,,,,,IIP_CAL3,1,OOB_IIP2_3G_SC_Cal,3G_SC,-30.0,,1438.0e6,1437.9e6,0.1e6,37,12
,,,,,,IIP_CAL3_NOLNA,1,OOB_IIP2_3G_SC_Cal,3G_SC,-30.0,,1438.0e6,1437.9e6,0.1e6,23,12
,,,,,,IIP_CAL9,1,OOB_IIP2_3G_SC_Cal,3G_SC,-30.0,,1438.0e6,1437.9e6,0.1e6,37,12
,,,,,,IIP_CAL9_NOLNA,1,OOB_IIP2_3G_SC_Cal,3G_SC,-30.0,,1438.0e6,1437.9e6,0.1e6,23,12
,,,,,,IIP_NOLNA,20,IB_IIP3_4G_1.4MHz,4G_1.4MHz,-50.0,,1483.0e6,1480.3e6,0.2e6,23,6
,,,,,,,,IB_IIP3_4G_5MHz,4G_5MHz,-50.0,,1475.8e6,1465.9e6,0.2e6,23,6
,,,,,,,,IB_IIP3_4G_10MHz,4G_10MHz,-50.0,,1473.3e6,1460.9e6,0.2e6,23,6
,,,,,,,,IB_IIP3_4G_15MHz,4G_15MHz,-50.0,,1470.8e6,1455.9e6,0.2e6,23,6
,,,,,,,,IB_IIP3_4G_20MHz,4G_20MHz,-50.0,,1468.3e6,1450.9e6,0.2e6,23,6
,,,,,,,,IB_IIP3_4G_40MHz,4G_40MHz,-50.0,,1458.3e6,1430.9e6,0.2e6,17,6
,,,,,,,,OOB_IIP3_HDUP_4G_20MHz,4G_20MHz,-30.0,,1462.0e6,1437.9e6,0.2e6,23,6
,,,,,,,,OOB_IIP3_HDUP_4G_40MHz,4G_40MHz,-30.0,,1462.0e6,1437.9e6,0.2e6,23,6
,,,,,,,,OOB_IIP3_2DUP_4G_5MHz,4G_5MHz,-30.0,,1390.0e6,1437.9e6,0.1e6,23,6
,,,,,,,,OOB_IIP3_2DUP_4G_10MHz,4G_10MHz,-30.0,,1390.0e6,1437.9e6,0.1e6,23,6
,,,,,,,,OOB_IIP3_2DUP_4G_15MHz,4G_15MHz,-30.0,,1390.0e6,1437.9e6,0.1e6,23,6
,,,,,,,,OOB_IIP3_2DUP_4G_20MHz,4G_20MHz,-30.0,,1390.0e6,1437.9e6,0.1e6,23,6
,,,,,,,,OOB_IIP3_2DUP_4G_40MHz,4G_40MHz,-30.0,,1390.0e6,1437.9e6,0.1e6,23,6
,,,,,,,,OOB_IIP2_4G_1.4MHz_Uncal,4G_1.4MHz,-30.0,,1438.0e6,1437.9e6,0.1e6,23,12
,,,,,,,,OOB_IIP2_4G_3MHz_Uncal,4G_3MHz,-30.0,,1438.0e6,1437.9e6,0.1e6,23,12
,,,,,,,,OOB_IIP2_4G_5MHz_Uncal,4G_5MHz,-30.0,,1438.0e6,1437.9e6,0.1e6,23,12
,,,,,,,,OOB_IIP2_4G_10MHz_Uncal,4G_10MHz,-30.0,,1438.0e6,1437.9e6,0.1e6,23,12
,,,,,,,,OOB_IIP2_4G_15MHz_Uncal,4G_15MHz,-30.0,,1438.0e6,1437.9e6,0.1e6,23,12
,,,,,,,,OOB_IIP2_4G_20MHz_Uncal,4G_20MHz,-30.0,,1438.0e6,1437.9e6,0.1e6,23,12
,,,,,,,,OOB_IIP2_4G_40MHz_Uncal,4G_40MHz,-30.0,,1438.0e6,1437.9e6,0.1e6,23,12
,,,,,,IR,1,IR,3G_SC,-28.0,,1486.0e6,,0.1e6,18,-3
,,,,,,IR_NOLNA,1,IR,3G_SC,-28.0,,1486.0e6,,0.1e6,4,-3
,,,,,,NF,3,NF_3G_SC,3G_SC,-70.0,,1486.0e6,,0.1e6,37,10
,,,,,,,,NF_4G_10MHz,4G_10MHz,-70.0,,1486.0e6,,0.1e6,37,6
,,,,,,,,NF_4G_20MHz,4G_20MHz,-65.0,,1486.0e6,,0.1e6,37,10
,,,,,,NF_NOLNA,3,NF_3G_SC,3G_SC,-70.0,,1486.0e6,,0.1e6,23,10
,,,,,,,,NF_4G_10MHz,4G_10MHz,-70.0,,1486.0e6,,0.1e6,23,6
,,,,,,,,NF_4G_20MHz,4G_20MHz,-65.0,,1486.0e6,,0.1e6,23,10
RX,5,RXRF_LB2A,A,1,0
,,,,,,GAIN,9,GMAX,2G,-70.0,,881.6e6,,0.1e6,37,12
,,,,,,,,GAIN_2G_AGC1,2G,-70.0,,881.6e6,,0.1e6,37,12
,,,,,,,,GAIN_3G_AGC1,3G_SC,-65.0,,881.6e6,,0.1e6,37,10
,,,,,,,,GSTEP_6dB,3G_SC,-70.0,,881.6e6,,0.1e6,31,12
,,,,,,,,GSTEP_12dB,3G_SC,-70.0,,881.6e6,,0.1e6,25,12
,,,,,,,,GSTEP_18dB,3G_SC,-70.0,,881.6e6,,0.1e6,19,12
,,,,,,,,GSTEP_24dB,3G_SC,-70.0,,881.6e6,,0.1e6,13,12
,,,,,,,,GSTEP_30dB,3G_SC,-70.0,,881.6e6,,0.1e6,7,12
,,,,,,,,GSTEP_42dB,3G_SC,-70.0,,881.6e6,,0.1e6,1,12
,,,,,,GAIN_NOLNA,9,GMAX,2G,-88.0,,881.6e6,,0.1e6,23,12
,,,,,,,,GAIN_2G_AGC1,2G,-88.0,,881.6e6,,0.1e6,23,12
,,,,,,,,GAIN_3G_AGC1,3G_SC,-65.0,,881.6e6,,0.1e6,23,10
,,,,,,,,GSTEP_6dB,3G_SC,-70.0,,881.6e6,,0.1e6,31,12
,,,,,,,,GSTEP_12dB,3G_SC,-70.0,,881.6e6,,0.1e6,25,12
,,,,,,,,GSTEP_18dB,3G_SC,-70.0,,881.6e6,,0.1e6,19,12
,,,,,,,,GSTEP_24dB,3G_SC,-70.0,,881.6e6,,0.1e6,13,12
,,,,,,,,GSTEP_30dB,3G_SC,-70.0,,881.6e6,,0.1e6,7,12
,,,,,,,,GSTEP_42dB,3G_SC,-70.0,,881.6e6,,0.1e6,1,12
,,,,,,IIP,1,IB_IIP3_4G_40MHz,4G_40MHz,-50.0,,853.9e6,826.5e6,0.2e6,31,6
,,,,,,IIP_NOLNA,1,IB_IIP3_4G_40MHz,4G_40MHz,-50.0,,853.9e6,826.5e6,0.2e6,17,6
,,,,,,NF,3,NF_2G,2G,-70.0,,881.6e6,,0.1e6,37,12
,,,,,,,,NF_3G_SC,3G_SC,-70.0,,881.6e6,,0.1e6,37,10
,,,,,,,,NF_4G_20MHz,4G_20MHz,-65.0,,881.6e6,,0.1e6,37,10
,,,,,,NF_NOLNA,3,NF_2G,2G,-70.0,,881.6e6,,0.1e6,23,12
,,,,,,,,NF_3G_SC,3G_SC,-70.0,,881.6e6,,0.1e6,23,10
,,,,,,,,NF_4G_20MHz,4G_20MHz,-65.0,,881.6e6,,0.1e6,23,10
RX,8,RXRF_LB1A,A,1,0
,,,,,,DCOS,3,DCOS_Uncal,3G_SC,,,942.5e6,,,37,12
,,,,,,,,DCOS_Cal,3G_SC,,,942.5e6,,,37,12
,,,,,,,,DCOS_Cal_Range,3G_SC,,,942.5e6,,,37,12
,,,,,,DCOS_NOLNA,3,DCOS_Uncal,3G_SC,,,942.5e6,,,23,12
,,,,,,,,DCOS_Cal,3G_SC,,,942.5e6,,,23,12
,,,,,,,,DCOS_Cal_Range,3G_SC,,,942.5e6,,,23,12
,,,,,,EVM,1,EVMrms_3G_SC,3G_SC,-28.0,,942.5e6,,,18,-3
,,,,,,EVM_NOLNA,1,EVMrms_3G_SC,3G_SC,-28.0,,942.5e6,,,4,-3
,,,,,,FILT,3,FILT_CDMA2k-TDSCDMA-4G_1.4MHz_1.26MHz,CDMA2k-TDSCDMA-4G_1.4MHz,-28.0,,943.76e6,,1.26e6,18,-3
,,,,,,,,FILT_3G_3C_1.5MHz,3G_3C,-28.0,,944.0e6,,1.5e6,18,-3
,,,,,,,,FILT_3G_3C_2.64MHz,3G_3C,-28.0,,945.14e6,,2.64e6,18,-3
,,,,,,FILT_NOLNA,3,FILT_CDMA2k-TDSCDMA-4G_1.4MHz_1.26MHz,CDMA2k-TDSCDMA-4G_1.4MHz,-28.0,,943.76e6,,1.26e6,4,-3
,,,,,,,,FILT_3G_3C_1.5MHz,3G_3C,-28.0,,944.0e6,,1.5e6,4,-3
,,,,,,,,FILT_3G_3C_2.64MHz,3G_3C,-28.0,,945.14e6,,2.64e6,4,-3
,,,,,,GAIN,10,GMAX,2G,-70.0,,942.6e6,,0.1e6,37,12
,,,,,,,,GAIN_2G_AGC1,2G,-70.0,,942.6e6,,0.1e6,37,12
,,,,,,,,GAIN_3G_AGC1,3G_SC,-65.0,,942.6e6,,0.1e6,37,10
,,,,,,,,GAIN_4G_AGC1,4G_10MHz,-61.0,,942.6e6,,0.1e6,37,6
,,,,,,,,GSTEP_6dB,3G_SC,-70.0,,942.6e6,,0.1e6,31,12
,,,,,,,,GSTEP_12dB,3G_SC,-70.0,,942.6e6,,0.1e6,25,12
,,,,,,,,GSTEP_18dB,3G_SC,-70.0,,942.6e6,,0.1e6,19,12
,,,,,,,,GSTEP_24dB,3G_SC,-70.0,,942.6e6,,0.1e6,13,12
,,,,,,,,GSTEP_30dB,3G_SC,-70.0,,942.6e6,,0.1e6,7,12
,,,,,,,,GSTEP_42dB,3G_SC,-70.0,,942.6e6,,0.1e6,1,12
,,,,,,GAIN_NOLNA,10,GMAX,2G,-88.0,,942.6e6,,0.1e6,23,12
,,,,,,,,GAIN_2G_AGC1,2G,-88.0,,942.6e6,,0.1e6,23,12
,,,,,,,,GAIN_3G_AGC1,3G_SC,-65.0,,942.6e6,,0.1e6,23,10
,,,,,,,,GAIN_4G_AGC1,4G_10MHz,-61.0,,942.6e6,,0.1e6,23,6
,,,,,,,,GSTEP_6dB,3G_SC,-70.0,,942.6e6,,0.1e6,31,12
,,,,,,,,GSTEP_12dB,3G_SC,-70.0,,942.6e6,,0.1e6,25,12
,,,,,,,,GSTEP_18dB,3G_SC,-70.0,,942.6e6,,0.1e6,19,12
,,,,,,,,GSTEP_24dB,3G_SC,-70.0,,942.6e6,,0.1e6,13,12
,,,,,,,,GSTEP_30dB,3G_SC,-70.0,,942.6e6,,0.1e6,7,12
,,,,,,,,GSTEP_42dB,3G_SC,-70.0,,942.6e6,,0.1e6,1,12
,,,,,,IIP,28,IB_IIP3_2G,2G,-50.0,,941.7e6,941.0e6,0.1e6,37,12
,,,,,,,,IB_IIP3_3G_SC,3G_SC,-50.0,,939.0e6,936.6e6,1.1e6,37,10
,,,,,,,,IB_IIP3_3G_DC,3G_DC,-50.0,,936.5e6,934.1e6,3.6e6,34,5
,,,,,,,,IB_IIP3_4G_1.4MHz,4G_1.4MHz,-50.0,,939.6e6,936.9e6,0.2e6,37,6
,,,,,,,,IB_IIP3_4G_5MHz,4G_5MHz,-50.0,,932.4e6,922.5e6,0.2e6,37,6
,,,,,,,,IB_IIP3_4G_10MHz,4G_10MHz,-50.0,,929.9e6,917.5e6,0.2e6,37,6
,,,,,,,,IB_IIP3_4G_15MHz,4G_15MHz,-50.0,,927.4e6,912.5e6,0.2e6,37,6
,,,,,,,,IB_IIP3_4G_20MHz,4G_20MHz,-50.0,,924.9e6,907.5e6,0.2e6,37,6
,,,,,,,,IB_IIP3_4G_40MHz,4G_40MHz,-50.0,,914.9e6,887.5e6,0.2e6,31,6
,,,,,,,,OOB_IIP3_HDUP_3G_SC,3G_SC,-30.0,,920.1e6,897.5e6,0.2e6,37,10
,,,,,,,,OOB_IIP3_HDUP_3G_DC,3G_DC,-30.0,,920.1e6,897.5e6,0.2e6,37,10
,,,,,,,,OOB_IIP3_HDUP_4G_20MHz,4G_20MHz,-30.0,,920.1e6,897.5e6,0.2e6,37,6
,,,,,,,,OOB_IIP3_2DUP_3G_SC,3G_SC,-30.0,,852.6e6,897.5e6,0.1e6,37,10
,,,,,,,,OOB_IIP3_2DUP_3G_DC,3G_DC,-30.0,,852.6e6,897.5e6,0.1e6,37,10
,,,,,,,,OOB_IIP3_2DUP_4G_5MHz,4G_5MHz,-30.0,,852.6e6,897.5e6,0.1e6,37,6
,,,,,,,,OOB_IIP3_2DUP_4G_10MHz,4G_10MHz,-30.0,,852.6e6,897.5e6,0.1e6,37,6
,,,,,,,,OOB_IIP3_2DUP_4G_15MHz,4G_15MHz,-30.0,,852.6e6,897.5e6,0.1e6,37,6
,,,,,,,,OOB_IIP3_2DUP_4G_20MHz,4G_20MHz,-30.0,,852.6e6,897.5e6,0.1e6,37,6
,,,,,,,,IB_IIP2_2G_Uncal,2G,-33.0,,936.6e6,936.5e6,0.1e6,37,12
,,,,,,,,OOB_IIP2_3G_SC_Uncal,3G_SC,-30.0,,897.6e6,897.5e6,0.1e6,37,12
,,,,,,,,OOB_IIP2_3G_DC_Uncal,3G_DC,-30.0,,897.6e6,897.5e6,0.1e6,37,12
,,,,,,,,OOB_IIP2_4G_1.4MHz_Uncal,4G_1.4MHz,-30.0,,897.6e6,897.5e6,0.1e6,37,12
,,,,,,,,OOB_IIP2_4G_3MHz_Uncal,4G_3MHz,-30.0,,897.6e6,897.5e6,0.1e6,37,12
,,,,,,,,OOB_IIP2_4G_5MHz_Uncal,4G_5MHz,-30.0,,897.6e6,897.5e6,0.1e6,37,12
,,,,,,,,OOB_IIP2_4G_10MHz_Uncal,4G_10MHz,-30.0,,897.6e6,897.5e6,0.1e6,37,12
,,,,,,,,OOB_IIP2_4G_15MHz_Uncal,4G_15MHz,-30.0,,897.6e6,897.5e6,0.1e6,37,12
,,,,,,,,OOB_IIP2_4G_20MHz_Uncal,4G_20MHz,-30.0,,897.6e6,897.5e6,0.1e6,37,12
,,,,,,,,OOB_IIP2_4G_40MHz_Uncal,4G_40MHz,-30.0,,897.6e6,897.5e6,0.1e6,37,12
,,,,,,IIP_CAL3,1,OOB_IIP2_3G_SC_Cal,3G_SC,-30.0,,897.6e6,897.5e6,0.1e6,37,12
,,,,,,IIP_CAL3_NOLNA,1,OOB_IIP2_3G_SC_Cal,3G_SC,-30.0,,897.6e6,897.5e6,0.1e6,23,12
,,,,,,IIP_CAL9,1,OOB_IIP2_3G_SC_Cal,3G_SC,-30.0,,897.6e6,897.5e6,0.1e6,37,12
,,,,,,IIP_CAL9_NOLNA,1,OOB_IIP2_3G_SC_Cal,3G_SC,-30.0,,897.6e6,897.5e6,0.1e6,23,12
,,,,,,IIP_NOLNA,28,IB_IIP3_2G,2G,-50.0,,941.7e6,941.0e6,0.1e6,23,12
,,,,,,,,IB_IIP3_3G_SC,3G_SC,-50.0,,939.0e6,936.6e6,1.1e6,23,10
,,,,,,,,IB_IIP3_3G_DC,3G_DC,-50.0,,936.5e6,934.1e6,3.6e6,20,5
,,,,,,,,IB_IIP3_4G_1.4MHz,4G_1.4MHz,-50.0,,939.6e6,936.9e6,0.2e6,23,6
,,,,,,,,IB_IIP3_4G_5MHz,4G_5MHz,-50.0,,932.4e6,922.5e6,0.2e6,23,6
,,,,,,,,IB_IIP3_4G_10MHz,4G_10MHz,-50.0,,929.9e6,917.5e6,0.2e6,23,6
,,,,,,,,IB_IIP3_4G_15MHz,4G_15MHz,-50.0,,927.4e6,912.5e6,0.2e6,23,6
,,,,,,,,IB_IIP3_4G_20MHz,4G_20MHz,-50.0,,924.9e6,907.5e6,0.2e6,23,6
,,,,,,,,IB_IIP3_4G_40MHz,4G_40MHz,-50.0,,914.9e6,887.5e6,0.2e6,17,6
,,,,,,,,OOB_IIP3_HDUP_3G_SC,3G_SC,-30.0,,920.1e6,897.5e6,0.2e6,23,10
,,,,,,,,OOB_IIP3_HDUP_3G_DC,3G_DC,-30.0,,920.1e6,897.5e6,0.2e6,23,10
,,,,,,,,OOB_IIP3_HDUP_4G_20MHz,4G_20MHz,-30.0,,920.1e6,897.5e6,0.2e6,23,6
,,,,,,,,OOB_IIP3_2DUP_3G_SC,3G_SC,-30.0,,852.6e6,897.5e6,0.1e6,23,10
,,,,,,,,OOB_IIP3_2DUP_3G_DC,3G_DC,-30.0,,852.6e6,897.5e6,0.1e6,23,10
,,,,,,,,OOB_IIP3_2DUP_4G_5MHz,4G_5MHz,-30.0,,852.6e6,897.5e6,0.1e6,23,6
,,,,,,,,OOB_IIP3_2DUP_4G_10MHz,4G_10MHz,-30.0,,852.6e6,897.5e6,0.1e6,23,6
,,,,,,,,OOB_IIP3_2DUP_4G_15MHz,4G_15MHz,-30.0,,852.6e6,897.5e6,0.1e6,23,6
,,,,,,,,OOB_IIP3_2DUP_4G_20MHz,4G_20MHz,-30.0,,852.6e6,897.5e6,0.1e6,23,6
,,,,,,,,IB_IIP2_2G_Uncal,2G,-33.0,,936.6e6,936.5e6,0.1e6,23,12
,,,,,,,,OOB_IIP2_3G_SC_Uncal,3G_SC,-30.0,,897.6e6,897.5e6,0.1e6,23,12
,,,,,,,,OOB_IIP2_3G_DC_Uncal,3G_DC,-30.0,,897.6e6,897.5e6,0.1e6,23,12
,,,,,,,,OOB_IIP2_4G_1.4MHz_Uncal,4G_1.4MHz,-30.0,,897.6e6,897.5e6,0.1e6,23,12
,,,,,,,,OOB_IIP2_4G_3MHz_Uncal,4G_3MHz,-30.0,,897.6e6,897.5e6,0.1e6,23,12
,,,,,,,,OOB_IIP2_4G_5MHz_Uncal,4G_5MHz,-30.0,,897.6e6,897.5e6,0.1e6,23,12
,,,,,,,,OOB_IIP2_4G_10MHz_Uncal,4G_10MHz,-30.0,,897.6e6,897.5e6,0.1e6,23,12
,,,,,,,,OOB_IIP2_4G_15MHz_Uncal,4G_15MHz,-30.0,,897.6e6,897.5e6,0.1e6,23,12
,,,,,,,,OOB_IIP2_4G_20MHz_Uncal,4G_20MHz,-30.0,,897.6e6,897.5e6,0.1e6,23,12
,,,,,,,,OOB_IIP2_4G_40MHz_Uncal,4G_40MHz,-30.0,,897.6e6,897.5e6,0.1e6,23,12
,,,,,,IR,1,IR,3G_SC,-28.0,,942.6e6,,0.1e6,18,-3
,,,,,,IR_NOLNA,1,IR,3G_SC,-28.0,,942.6e6,,0.1e6,4,-3
,,,,,,NF,3,NF_2G,2G,-70.0,,942.6e6,,0.1e6,37,12
,,,,,,,,NF_3G_SC,3G_SC,-70.0,,942.6e6,,0.1e6,37,10
,,,,,,,,NF_4G_10MHz,4G_10MHz,-70.0,,942.6e6,,0.1e6,37,6
,,,,,,NF_NOLNA,3,NF_2G,2G,-70.0,,942.6e6,,0.1e6,23,12
,,,,,,,,NF_3G_SC,3G_SC,-70.0,,942.6e6,,0.1e6,23,10
,,,,,,,,NF_4G_10MHz,4G_10MHz,-70.0,,942.6e6,,0.1e6,23,6
RX,2,RXRF_HB1A,A,1,0
,,,,,,DCOS,3,DCOS_Uncal,3G_SC,,,1960.0e6,,,37,12
,,,,,,,,DCOS_Cal,3G_SC,,,1960.0e6,,,37,12
,,,,,,,,DCOS_Cal_Range,3G_SC,,,1960.0e6,,,37,12
,,,,,,DCOS_NOLNA,3,DCOS_Uncal,3G_SC,,,1960.0e6,,,23,12
,,,,,,,,DCOS_Cal,3G_SC,,,1960.0e6,,,23,12
,,,,,,,,DCOS_Cal_Range,3G_SC,,,1960.0e6,,,23,12
,,,,,,GAIN,9,GMAX,2G,-70.0,,1960.1e6,,0.1e6,37,12
,,,,,,,,GAIN_3G_AGC1,3G_SC,-65.0,,1960.1e6,,0.1e6,37,10
,,,,,,,,GAIN_4G_AGC1,4G_10MHz,-61.0,,1960.1e6,,0.1e6,37,6
,,,,,,,,GSTEP_6dB,3G_SC,-70.0,,1960.1e6,,0.1e6,31,12
,,,,,,,,GSTEP_12dB,3G_SC,-70.0,,1960.1e6,,0.1e6,25,12
,,,,,,,,GSTEP_18dB,3G_SC,-70.0,,1960.1e6,,0.1e6,19,12
,,,,,,,,GSTEP_24dB,3G_SC,-70.0,,1960.1e6,,0.1e6,13,12
,,,,,,,,GSTEP_30dB,3G_SC,-70.0,,1960.1e6,,0.1e6,7,12
,,,,,,,,GSTEP_42dB,3G_SC,-70.0,,1960.1e6,,0.1e6,1,12
,,,,,,GAIN_NOLNA,9,GMAX,2G,-88.0,,1960.1e6,,0.1e6,23,12
,,,,,,,,GAIN_3G_AGC1,3G_SC,-65.0,,1960.1e6,,0.1e6,23,10
,,,,,,,,GAIN_4G_AGC1,4G_10MHz,-61.0,,1960.1e6,,0.1e6,23,6
,,,,,,,,GSTEP_6dB,3G_SC,-70.0,,1960.1e6,,0.1e6,31,12
,,,,,,,,GSTEP_12dB,3G_SC,-70.0,,1960.1e6,,0.1e6,25,12
,,,,,,,,GSTEP_18dB,3G_SC,-70.0,,1960.1e6,,0.1e6,19,12
,,,,,,,,GSTEP_24dB,3G_SC,-70.0,,1960.1e6,,0.1e6,13,12
,,,,,,,,GSTEP_30dB,3G_SC,-70.0,,1960.1e6,,0.1e6,7,12
,,,,,,,,GSTEP_42dB,3G_SC,-70.0,,1960.1e6,,0.1e6,1,12
,,,,,,IIP,30,IB_IIP3_2G,2G,-50.0,,1959.2e6,1958.5e6,0.1e6,37,12
,,,,,,,,IB_IIP3_3G_SC,3G_SC,-50.0,,1956.5e6,1954.1e6,1.1e6,37,10
,,,,,,,,IB_IIP3_3G_DC,3G_DC,-50.0,,1954.0e6,1951.6e6,3.6e6,34,5
,,,,,,,,IB_IIP3_4G_1.4MHz,4G_1.4MHz,-50.0,,1957.1e6,1954.4e6,0.2e6,37,6
,,,,,,,,IB_IIP3_4G_5MHz,4G_5MHz,-50.0,,1949.9e6,1940.0e6,0.2e6,37,6
,,,,,,,,IB_IIP3_4G_10MHz,4G_10MHz,-50.0,,1947.4e6,1935.0e6,0.2e6,37,6
,,,,,,,,IB_IIP3_4G_15MHz,4G_15MHz,-50.0,,1944.9e6,1930.0e6,0.2e6,37,6
,,,,,,,,IB_IIP3_4G_20MHz,4G_20MHz,-50.0,,1942.4e6,1925.0e6,0.2e6,37,6
,,,,,,,,IB_IIP3_4G_40MHz,4G_40MHz,-50.0,,1932.4e6,1905.0e6,0.2e6,31,6
,,,,,,,,OOB_IIP3_HDUP_3G_SC,3G_SC,-30.0,,1920.1e6,1880.0e6,0.2e6,37,10
,,,,,,,,OOB_IIP3_HDUP_3G_DC,3G_DC,-30.0,,1920.1e6,1880.0e6,0.2e6,37,10
,,,,,,,,OOB_IIP3_HDUP_4G_20MHz,4G_20MHz,-30.0,,1920.1e6,1880.0e6,0.2e6,37,6
,,,,,,,,OOB_IIP3_HDUP_4G_40MHz,4G_40MHz,-30.0,,1920.1e6,1880.0e6,0.2e6,37,6
,,,,,,,,OOB_IIP3_2DUP_3G_SC,3G_SC,-30.0,,1800.1e6,1880.0e6,0.1e6,37,10
,,,,,,,,OOB_IIP3_2DUP_3G_DC,3G_DC,-30.0,,1800.1e6,1880.0e6,0.1e6,37,10
,,,,,,,,OOB_IIP3_2DUP_4G_5MHz,4G_5MHz,-30.0,,1800.1e6,1880.0e6,0.1e6,37,6
,,,,,,,,OOB_IIP3_2DUP_4G_10MHz,4G_10MHz,-30.0,,1800.1e6,1880.0e6,0.1e6,37,6
,,,,,,,,OOB_IIP3_2DUP_4G_15MHz,4G_15MHz,-30.0,,1800.1e6,1880.0e6,0.1e6,37,6
,,,,,,,,OOB_IIP3_2DUP_4G_20MHz,4G_20MHz,-30.0,,1800.1e6,1880.0e6,0.1e6,37,6
,,,,,,,,OOB_IIP3_2DUP_4G_40MHz,4G_40MHz,-30.0,,1800.1e6,1880.0e6,0.1e6,37,6
,,,,,,,,IB_IIP2_2G_Uncal,2G,-33.0,,1954.1e6,1954.0e6,0.1e6,37,12
,,,,,,,,OOB_IIP2_3G_SC_Uncal,3G_SC,-30.0,,1880.1e6,1880.0e6,0.1e6,37,12
,,,,,,,,OOB_IIP2_3G_DC_Uncal,3G_DC,-30.0,,1880.1e6,1880.0e6,0.1e6,37,12
,,,,,,,,OOB_IIP2_4G_1.4MHz_Uncal,4G_1.4MHz,-30.0,,1880.1e6,1880.0e6,0.1e6,37,12
,,,,,,,,OOB_IIP2_4G_3MHz_Uncal,4G_3MHz,-30.0,,1880.1e6,1880.0e6,0.1e6,37,12
,,,,,,,,OOB_IIP2_4G_5MHz_Uncal,4G_5MHz,-30.0,,1880.1e6,1880.0e6,0.1e6,37,12
,,,,,,,,OOB_IIP2_4G_10MHz_Uncal,4G_10MHz,-30.0,,1880.1e6,1880.0e6,0.1e6,37,12
,,,,,,,,OOB_IIP2_4G_15MHz_Uncal,4G_15MHz,-30.0,,1880.1e6,1880.0e6,0.1e6,37,12
,,,,,,,,OOB_IIP2_4G_20MHz_Uncal,4G_20MHz,-30.0,,1880.1e6,1880.0e6,0.1e6,37,12
,,,,,,,,OOB_IIP2_4G_40MHz_Uncal,4G_40MHz,-30.0,,1880.1e6,1880.0e6,0.1e6,37,12
,,,,,,IIP_CAL3,1,OOB_IIP2_3G_SC_Cal,3G_SC,-30.0,,1880.1e6,1880.0e6,0.1e6,37,12
,,,,,,IIP_CAL3_NOLNA,1,OOB_IIP2_3G_SC_Cal,3G_SC,-30.0,,1880.1e6,1880.0e6,0.1e6,23,12
,,,,,,IIP_CAL9,1,OOB_IIP2_3G_SC_Cal,3G_SC,-30.0,,1880.1e6,1880.0e6,0.1e6,37,12
,,,,,,IIP_CAL9_NOLNA,1,OOB_IIP2_3G_SC_Cal,3G_SC,-30.0,,1880.1e6,1880.0e6,0.1e6,23,12
,,,,,,IIP_NOLNA,30,IB_IIP3_2G,2G,-50.0,,1959.2e6,1958.5e6,0.1e6,23,12
,,,,,,,,IB_IIP3_3G_SC,3G_SC,-50.0,,1956.5e6,1954.1e6,1.1e6,23,10
,,,,,,,,IB_IIP3_3G_DC,3G_DC,-50.0,,1954.0e6,1951.6e6,3.6e6,20,5
,,,,,,,,IB_IIP3_4G_1.4MHz,4G_1.4MHz,-50.0,,1957.1e6,1954.4e6,0.2e6,23,6
,,,,,,,,IB_IIP3_4G_5MHz,4G_5MHz,-50.0,,1949.9e6,1940.0e6,0.2e6,23,6
,,,,,,,,IB_IIP3_4G_10MHz,4G_10MHz,-50.0,,1947.4e6,1935.0e6,0.2e6,23,6
,,,,,,,,IB_IIP3_4G_15MHz,4G_15MHz,-50.0,,1944.9e6,1930.0e6,0.2e6,23,6
,,,,,,,,IB_IIP3_4G_20MHz,4G_20MHz,-50.0,,1942.4e6,1925.0e6,0.2e6,23,6
,,,,,,,,IB_IIP3_4G_40MHz,4G_40MHz,-50.0,,1932.4e6,1905.0e6,0.2e6,17,6
,,,,,,,,OOB_IIP3_HDUP_3G_SC,3G_SC,-30.0,,1920.1e6,1880.0e6,0.2e6,23,10
,,,,,,,,OOB_IIP3_HDUP_3G_DC,3G_DC,-30.0,,1920.1e6,1880.0e6,0.2e6,23,10
,,,,,,,,OOB_IIP3_HDUP_4G_20MHz,4G_20MHz,-30.0,,1920.1e6,1880.0e6,0.2e6,23,6
,,,,,,,,OOB_IIP3_HDUP_4G_40MHz,4G_40MHz,-30.0,,1920.1e6,1880.0e6,0.2e6,23,6
,,,,,,,,OOB_IIP3_2DUP_3G_SC,3G_SC,-30.0,,1800.1e6,1880.0e6,0.1e6,23,10
,,,,,,,,OOB_IIP3_2DUP_3G_DC,3G_DC,-30.0,,1800.1e6,1880.0e6,0.1e6,23,10
,,,,,,,,OOB_IIP3_2DUP_4G_5MHz,4G_5MHz,-30.0,,1800.1e6,1880.0e6,0.1e6,23,6
,,,,,,,,OOB_IIP3_2DUP_4G_10MHz,4G_10MHz,-30.0,,1800.1e6,1880.0e6,0.1e6,23,6
,,,,,,,,OOB_IIP3_2DUP_4G_15MHz,4G_15MHz,-30.0,,1800.1e6,1880.0e6,0.1e6,23,6
,,,,,,,,OOB_IIP3_2DUP_4G_20MHz,4G_20MHz,-30.0,,1800.1e6,1880.0e6,0.1e6,23,6
,,,,,,,,OOB_IIP3_2DUP_4G_40MHz,4G_40MHz,-30.0,,1800.1e6,1880.0e6,0.1e6,23,6
,,,,,,,,IB_IIP2_2G_Uncal,2G,-33.0,,1954.1e6,1954.0e6,0.1e6,23,12
,,,,,,,,OOB_IIP2_3G_SC_Uncal,3G_SC,-30.0,,1880.1e6,1880.0e6,0.1e6,23,12
,,,,,,,,OOB_IIP2_3G_DC_Uncal,3G_DC,-30.0,,1880.1e6,1880.0e6,0.1e6,23,12
,,,,,,,,OOB_IIP2_4G_1.4MHz_Uncal,4G_1.4MHz,-30.0,,1880.1e6,1880.0e6,0.1e6,23,12
,,,,,,,,OOB_IIP2_4G_3MHz_Uncal,4G_3MHz,-30.0,,1880.1e6,1880.0e6,0.1e6,23,12
,,,,,,,,OOB_IIP2_4G_5MHz_Uncal,4G_5MHz,-30.0,,1880.1e6,1880.0e6,0.1e6,23,12
,,,,,,,,OOB_IIP2_4G_10MHz_Uncal,4G_10MHz,-30.0,,1880.1e6,1880.0e6,0.1e6,23,12
,,,,,,,,OOB_IIP2_4G_15MHz_Uncal,4G_15MHz,-30.0,,1880.1e6,1880.0e6,0.1e6,23,12
,,,,,,,,OOB_IIP2_4G_20MHz_Uncal,4G_20MHz,-30.0,,1880.1e6,1880.0e6,0.1e6,23,12
,,,,,,,,OOB_IIP2_4G_40MHz_Uncal,4G_40MHz,-30.0,,1880.1e6,1880.0e6,0.1e6,23,12
,,,,,,IR,1,IR,3G_SC,-28.0,,1960.1e6,,0.1e6,18,-3
,,,,,,IR_NOLNA,1,IR,3G_SC,-28.0,,1960.1e6,,0.1e6,4,-3
,,,,,,NF,4,NF_2G,2G,-70.0,,1960.1e6,,0.1e6,37,12
,,,,,,,,NF_3G_SC,3G_SC,-70.0,,1960.1e6,,0.1e6,37,10
,,,,,,,,NF_4G_10MHz,4G_10MHz,-70.0,,1960.1e6,,0.1e6,37,6
,,,,,,,,NF_4G_20MHz,4G_20MHz,-65.0,,1960.1e6,,0.1e6,37,10
,,,,,,NF_NOLNA,4,NF_2G,2G,-70.0,,1960.1e6,,0.1e6,23,12
,,,,,,,,NF_3G_SC,3G_SC,-70.0,,1960.1e6,,0.1e6,23,10
,,,,,,,,NF_4G_10MHz,4G_10MHz,-70.0,,1960.1e6,,0.1e6,23,6
,,,,,,,,NF_4G_20MHz,4G_20MHz,-65.0,,1960.1e6,,0.1e6,23,10
RX,25,RXRF_HB2A,A,1,0
,,,,,,DCOS,1,DCOS_Uncal,3G_SC,,,1962.5e6,,,37,12
,,,,,,DCOS_NOLNA,1,DCOS_Uncal,3G_SC,,,1962.5e6,,,23,12
,,,,,,GAIN,9,GMAX,2G,-70.0,,1962.6e6,,0.1e6,37,12
,,,,,,,,GAIN_3G_AGC1,3G_SC,-65.0,,1962.6e6,,0.1e6,37,10
,,,,,,,,GAIN_4G_AGC1,4G_10MHz,-61.0,,1962.6e6,,0.1e6,37,6
,,,,,,,,GSTEP_6dB,3G_SC,-70.0,,1962.6e6,,0.1e6,31,12
,,,,,,,,GSTEP_12dB,3G_SC,-70.0,,1962.6e6,,0.1e6,25,12
,,,,,,,,GSTEP_18dB,3G_SC,-70.0,,1962.6e6,,0.1e6,19,12
,,,,,,,,GSTEP_24dB,3G_SC,-70.0,,1962.6e6,,0.1e6,13,12
,,,,,,,,GSTEP_30dB,3G_SC,-70.0,,1962.6e6,,0.1e6,7,12
,,,,,,,,GSTEP_42dB,3G_SC,-70.0,,1962.6e6,,0.1e6,1,12
,,,,,,GAIN_NOLNA,9,GMAX,2G,-88.0,,1962.6e6,,0.1e6,23,12
,,,,,,,,GAIN_3G_AGC1,3G_SC,-65.0,,1962.6e6,,0.1e6,23,10
,,,,,,,,GAIN_4G_AGC1,4G_10MHz,-61.0,,1962.6e6,,0.1e6,23,6
,,,,,,,,GSTEP_6dB,3G_SC,-70.0,,1962.6e6,,0.1e6,31,12
,,,,,,,,GSTEP_12dB,3G_SC,-70.0,,1962.6e6,,0.1e6,25,12
,,,,,,,,GSTEP_18dB,3G_SC,-70.0,,1962.6e6,,0.1e6,19,12
,,,,,,,,GSTEP_24dB,3G_SC,-70.0,,1962.6e6,,0.1e6,13,12
,,,,,,,,GSTEP_30dB,3G_SC,-70.0,,1962.6e6,,0.1e6,7,12
,,,,,,,,GSTEP_42dB,3G_SC,-70.0,,1962.6e6,,0.1e6,1,12
,,,,,,IIP,28,IB_IIP3_3G_SC,3G_SC,-50.0,,1959.0e6,1956.6e6,1.1e6,37,10
,,,,,,,,IB_IIP3_3G_DC,3G_DC,-50.0,,1956.5e6,1954.1e6,3.6e6,34,5
,,,,,,,,IB_IIP3_4G_1.4MHz,4G_1.4MHz,-50.0,,1959.6e6,1956.9e6,0.2e6,37,6
,,,,,,,,IB_IIP3_4G_5MHz,4G_5MHz,-50.0,,1952.4e6,1942.5e6,0.2e6,37,6
,,,,,,,,IB_IIP3_4G_10MHz,4G_10MHz,-50.0,,1949.9e6,1937.5e6,0.2e6,37,6
,,,,,,,,IB_IIP3_4G_15MHz,4G_15MHz,-50.0,,1947.4e6,1932.5e6,0.2e6,37,6
,,,,,,,,IB_IIP3_4G_20MHz,4G_20MHz,-50.0,,1944.9e6,1927.5e6,0.2e6,37,6
,,,,,,,,IB_IIP3_4G_40MHz,4G_40MHz,-50.0,,1934.9e6,1907.5e6,0.2e6,31,6
,,,,,,,,OOB_IIP3_HDUP_3G_SC,3G_SC,-30.0,,1922.6e6,1882.5e6,0.2e6,37,10
,,,,,,,,OOB_IIP3_HDUP_3G_DC,3G_DC,-30.0,,1922.6e6,1882.5e6,0.2e6,37,10
,,,,,,,,OOB_IIP3_HDUP_4G_20MHz,4G_20MHz,-30.0,,1922.6e6,1882.5e6,0.2e6,37,6
,,,,,,,,OOB_IIP3_HDUP_4G_40MHz,4G_40MHz,-30.0,,1922.6e6,1882.5e6,0.2e6,37,6
,,,,,,,,OOB_IIP3_2DUP_3G_SC,3G_SC,-30.0,,1802.6e6,1882.5e6,0.1e6,37,10
,,,,,,,,OOB_IIP3_2DUP_3G_DC,3G_DC,-30.0,,1802.6e6,1882.5e6,0.1e6,37,10
,,,,,,,,OOB_IIP3_2DUP_4G_5MHz,4G_5MHz,-30.0,,1802.6e6,1882.5e6,0.1e6,37,6
,,,,,,,,OOB_IIP3_2DUP_4G_10MHz,4G_10MHz,-30.0,,1802.6e6,1882.5e6,0.1e6,37,6
,,,,,,,,OOB_IIP3_2DUP_4G_15MHz,4G_15MHz,-30.0,,1802.6e6,1882.5e6,0.1e6,37,6
,,,,,,,,OOB_IIP3_2DUP_4G_20MHz,4G_20MHz,-30.0,,1802.6e6,1882.5e6,0.1e6,37,6
,,,,,,,,OOB_IIP3_2DUP_4G_40MHz,4G_40MHz,-30.0,,1802.6e6,1882.5e6,0.1e6,37,6
,,,,,,,,OOB_IIP2_3G_SC_Uncal,3G_SC,-30.0,,1882.6e6,1882.5e6,0.1e6,37,12
,,,,,,,,OOB_IIP2_3G_DC_Uncal,3G_DC,-30.0,,1882.6e6,1882.5e6,0.1e6,37,12
,,,,,,,,OOB_IIP2_4G_1.4MHz_Uncal,4G_1.4MHz,-30.0,,1882.6e6,1882.5e6,0.1e6,37,12
,,,,,,,,OOB_IIP2_4G_3MHz_Uncal,4G_3MHz,-30.0,,1882.6e6,1882.5e6,0.1e6,37,12
,,,,,,,,OOB_IIP2_4G_5MHz_Uncal,4G_5MHz,-30.0,,1882.6e6,1882.5e6,0.1e6,37,12
,,,,,,,,OOB_IIP2_4G_10MHz_Uncal,4G_10MHz,-30.0,,1882.6e6,1882.5e6,0.1e6,37,12
,,,,,,,,OOB_IIP2_4G_15MHz_Uncal,4G_15MHz,-30.0,,1882.6e6,1882.5e6,0.1e6,37,12
,,,,,,,,OOB_IIP2_4G_20MHz_Uncal,4G_20MHz,-30.0,,1882.6e6,1882.5e6,0.1e6,37,12
,,,,,,,,OOB_IIP2_4G_40MHz_Uncal,4G_40MHz,-30.0,,1882.6e6,1882.5e6,0.1e6,37,12
,,,,,,IIP_CAL3,1,OOB_IIP2_3G_SC_Cal,3G_SC,-30.0,,1882.6e6,1882.5e6,0.1e6,37,12
,,,,,,IIP_CAL3_NOLNA,1,OOB_IIP2_3G_SC_Cal,3G_SC,-30.0,,1882.6e6,1882.5e6,0.1e6,23,12
,,,,,,IIP_CAL9,1,OOB_IIP2_3G_SC_Cal,3G_SC,-30.0,,1882.6e6,1882.5e6,0.1e6,37,12
,,,,,,IIP_CAL9_NOLNA,1,OOB_IIP2_3G_SC_Cal,3G_SC,-30.0,,1882.6e6,1882.5e6,0.1e6,23,12
,,,,,,IIP_NOLNA,28,IB_IIP3_3G_SC,3G_SC,-50.0,,1959.0e6,1956.6e6,1.1e6,23,10
,,,,,,,,IB_IIP3_3G_DC,3G_DC,-50.0,,1956.5e6,1954.1e6,3.6e6,20,5
,,,,,,,,IB_IIP3_4G_1.4MHz,4G_1.4MHz,-50.0,,1959.6e6,1956.9e6,0.2e6,23,6
,,,,,,,,IB_IIP3_4G_5MHz,4G_5MHz,-50.0,,1952.4e6,1942.5e6,0.2e6,23,6
,,,,,,,,IB_IIP3_4G_10MHz,4G_10MHz,-50.0,,1949.9e6,1937.5e6,0.2e6,23,6
,,,,,,,,IB_IIP3_4G_15MHz,4G_15MHz,-50.0,,1947.4e6,1932.5e6,0.2e6,23,6
,,,,,,,,IB_IIP3_4G_20MHz,4G_20MHz,-50.0,,1944.9e6,1927.5e6,0.2e6,23,6
,,,,,,,,IB_IIP3_4G_40MHz,4G_40MHz,-50.0,,1934.9e6,1907.5e6,0.2e6,17,6
,,,,,,,,OOB_IIP3_HDUP_3G_SC,3G_SC,-30.0,,1922.6e6,1882.5e6,0.2e6,23,10
,,,,,,,,OOB_IIP3_HDUP_3G_DC,3G_DC,-30.0,,1922.6e6,1882.5e6,0.2e6,23,10
,,,,,,,,OOB_IIP3_HDUP_4G_20MHz,4G_20MHz,-30.0,,1922.6e6,1882.5e6,0.2e6,23,6
,,,,,,,,OOB_IIP3_HDUP_4G_40MHz,4G_40MHz,-30.0,,1922.6e6,1882.5e6,0.2e6,23,6
,,,,,,,,OOB_IIP3_2DUP_3G_SC,3G_SC,-30.0,,1802.6e6,1882.5e6,0.1e6,23,10
,,,,,,,,OOB_IIP3_2DUP_3G_DC,3G_DC,-30.0,,1802.6e6,1882.5e6,0.1e6,23,10
,,,,,,,,OOB_IIP3_2DUP_4G_5MHz,4G_5MHz,-30.0,,1802.6e6,1882.5e6,0.1e6,23,6
,,,,,,,,OOB_IIP3_2DUP_4G_10MHz,4G_10MHz,-30.0,,1802.6e6,1882.5e6,0.1e6,23,6
,,,,,,,,OOB_IIP3_2DUP_4G_15MHz,4G_15MHz,-30.0,,1802.6e6,1882.5e6,0.1e6,23,6
,,,,,,,,OOB_IIP3_2DUP_4G_20MHz,4G_20MHz,-30.0,,1802.6e6,1882.5e6,0.1e6,23,6
,,,,,,,,OOB_IIP3_2DUP_4G_40MHz,4G_40MHz,-30.0,,1802.6e6,1882.5e6,0.1e6,23,6
,,,,,,,,OOB_IIP2_3G_SC_Uncal,3G_SC,-30.0,,1882.6e6,1882.5e6,0.1e6,23,12
,,,,,,,,OOB_IIP2_3G_DC_Uncal,3G_DC,-30.0,,1882.6e6,1882.5e6,0.1e6,23,12
,,,,,,,,OOB_IIP2_4G_1.4MHz_Uncal,4G_1.4MHz,-30.0,,1882.6e6,1882.5e6,0.1e6,23,12
,,,,,,,,OOB_IIP2_4G_3MHz_Uncal,4G_3MHz,-30.0,,1882.6e6,1882.5e6,0.1e6,23,12
,,,,,,,,OOB_IIP2_4G_5MHz_Uncal,4G_5MHz,-30.0,,1882.6e6,1882.5e6,0.1e6,23,12
,,,,,,,,OOB_IIP2_4G_10MHz_Uncal,4G_10MHz,-30.0,,1882.6e6,1882.5e6,0.1e6,23,12
,,,,,,,,OOB_IIP2_4G_15MHz_Uncal,4G_15MHz,-30.0,,1882.6e6,1882.5e6,0.1e6,23,12
,,,,,,,,OOB_IIP2_4G_20MHz_Uncal,4G_20MHz,-30.0,,1882.6e6,1882.5e6,0.1e6,23,12
,,,,,,,,OOB_IIP2_4G_40MHz_Uncal,4G_40MHz,-30.0,,1882.6e6,1882.5e6,0.1e6,23,12
,,,,,,IR,1,IR,3G_SC,-28.0,,1962.6e6,,0.1e6,18,-3
,,,,,,IR_NOLNA,1,IR,3G_SC,-28.0,,1962.6e6,,0.1e6,4,-3
,,,,,,NF,3,NF_3G_SC,3G_SC,-70.0,,1962.6e6,,0.1e6,37,10
,,,,,,,,NF_4G_10MHz,4G_10MHz,-70.0,,1962.6e6,,0.1e6,37,6
,,,,,,,,NF_4G_20MHz,4G_20MHz,-65.0,,1962.6e6,,0.1e6,37,10
,,,,,,NF_NOLNA,3,NF_3G_SC,3G_SC,-70.0,,1962.6e6,,0.1e6,23,10
,,,,,,,,NF_4G_10MHz,4G_10MHz,-70.0,,1962.6e6,,0.1e6,23,6
,,,,,,,,NF_4G_20MHz,4G_20MHz,-65.0,,1962.6e6,,0.1e6,23,10
RX,43,RXRF_HB6A,A,1,0
,,,,,,GAIN,8,GMAX,2G,-70.0,,3700.1e6,,0.1e6,37,12
,,,,,,,,GAIN_3G_AGC1,3G_SC,-65.0,,3700.1e6,,0.1e6,37,10
,,,,,,,,GSTEP_6dB,3G_SC,-70.0,,3700.1e6,,0.1e6,31,12
,,,,,,,,GSTEP_12dB,3G_SC,-70.0,,3700.1e6,,0.1e6,25,12
,,,,,,,,GSTEP_18dB,3G_SC,-70.0,,3700.1e6,,0.1e6,19,12
,,,,,,,,GSTEP_24dB,3G_SC,-70.0,,3700.1e6,,0.1e6,13,12
,,,,,,,,GSTEP_30dB,3G_SC,-70.0,,3700.1e6,,0.1e6,7,12
,,,,,,,,GSTEP_42dB,3G_SC,-70.0,,3700.1e6,,0.1e6,1,12
,,,,,,GAIN_NOLNA,8,GMAX,2G,-88.0,,3700.1e6,,0.1e6,23,12
,,,,,,,,GAIN_3G_AGC1,3G_SC,-65.0,,3700.1e6,,0.1e6,23,10
,,,,,,,,GSTEP_6dB,3G_SC,-70.0,,3700.1e6,,0.1e6,31,12
,,,,,,,,GSTEP_12dB,3G_SC,-70.0,,3700.1e6,,0.1e6,25,12
,,,,,,,,GSTEP_18dB,3G_SC,-70.0,,3700.1e6,,0.1e6,19,12
,,,,,,,,GSTEP_24dB,3G_SC,-70.0,,3700.1e6,,0.1e6,13,12
,,,,,,,,GSTEP_30dB,3G_SC,-70.0,,3700.1e6,,0.1e6,7,12
,,,,,,,,GSTEP_42dB,3G_SC,-70.0,,3700.1e6,,0.1e6,1,12
,,,,,,IIP,6,IB_IIP3_4G_1.4MHz,4G_1.4MHz,-50.0,,3697.1e6,3694.4e6,0.2e6,37,6
,,,,,,,,IB_IIP3_4G_5MHz,4G_5MHz,-50.0,,3689.9e6,3680.0e6,0.2e6,37,6
,,,,,,,,IB_IIP3_4G_10MHz,4G_10MHz,-50.0,,3687.4e6,3675.0e6,0.2e6,37,6
,,,,,,,,IB_IIP3_4G_15MHz,4G_15MHz,-50.0,,3684.9e6,3670.0e6,0.2e6,37,6
,,,,,,,,IB_IIP3_4G_20MHz,4G_20MHz,-50.0,,3682.4e6,3665.0e6,0.2e6,37,6
,,,,,,,,IB_IIP3_4G_40MHz,4G_40MHz,-50.0,,3672.4e6,3645.0e6,0.2e6,31,6
,,,,,,IIP_NOLNA,6,IB_IIP3_4G_1.4MHz,4G_1.4MHz,-50.0,,3697.1e6,3694.4e6,0.2e6,23,6
,,,,,,,,IB_IIP3_4G_5MHz,4G_5MHz,-50.0,,3689.9e6,3680.0e6,0.2e6,23,6
,,,,,,,,IB_IIP3_4G_10MHz,4G_10MHz,-50.0,,3687.4e6,3675.0e6,0.2e6,23,6
,,,,,,,,IB_IIP3_4G_15MHz,4G_15MHz,-50.0,,3684.9e6,3670.0e6,0.2e6,23,6
,,,,,,,,IB_IIP3_4G_20MHz,4G_20MHz,-50.0,,3682.4e6,3665.0e6,0.2e6,23,6
,,,,,,,,IB_IIP3_4G_40MHz,4G_40MHz,-50.0,,3672.4e6,3645.0e6,0.2e6,17,6
,,,,,,NF,1,NF_3G_SC,3G_SC,-70.0,,3700.1e6,,0.1e6,37,10
,,,,,,NF_NOLNA,1,NF_3G_SC,3G_SC,-70.0,,3700.1e6,,0.1e6,23,10
RX,8,RXRF_LB3A,A,1,0
,,,,,,DCOS,1,DCOS_Uncal,3G_SC,,,942.5e6,,,37,12
,,,,,,DCOS_NOLNA,1,DCOS_Uncal,3G_SC,,,942.5e6,,,23,12
,,,,,,EVM,1,EVMrms_3G_SC,3G_SC,-28.0,,942.5e6,,,18,-3
,,,,,,EVM_NOLNA,2,EVMrms_3G_SC,3G_SC,-28.0,,942.5e6,,,4,-3
,,,,,,,,EVMrms_3G_SC,3G_SC,-28.0,,942.5e6,,,4,-3
,,,,,,FILT,4,FILT_2G_400kHz,2G,-28.0,,942.9e6,,0.4e6,6,-1
,,,,,,,,FILT_2G_600kHz,2G,-28.0,,943.1e6,,0.6e6,6,-1
,,,,,,,,FILT_2G_800kHz,2G,-28.0,,943.3e6,,0.8e6,6,-1
,,,,,,,,FILT_2G_1.6MHz,2G,-28.0,,944.1e6,,1.6e6,6,-1
,,,,,,FILT_NOLNA,4,FILT_2G_400kHz,2G,-28.0,,942.9e6,,0.4e6,-8,-1
,,,,,,,,FILT_2G_600kHz,2G,-28.0,,943.1e6,,0.6e6,-8,-1
,,,,,,,,FILT_2G_800kHz,2G,-28.0,,943.3e6,,0.8e6,-8,-1
,,,,,,,,FILT_2G_1.6MHz,2G,-28.0,,944.1e6,,1.6e6,-8,-1
,,,,,,GAIN,9,GMAX,2G,-70.0,,942.6e6,,0.1e6,37,12
,,,,,,,,GAIN_3G_AGC1,3G_SC,-65.0,,942.6e6,,0.1e6,37,10
,,,,,,,,GAIN_4G_AGC1,4G_10MHz,-61.0,,942.6e6,,0.1e6,37,6
,,,,,,,,GSTEP_6dB,3G_SC,-70.0,,942.6e6,,0.1e6,31,12
,,,,,,,,GSTEP_12dB,3G_SC,-70.0,,942.6e6,,0.1e6,25,12
,,,,,,,,GSTEP_18dB,3G_SC,-70.0,,942.6e6,,0.1e6,19,12
,,,,,,,,GSTEP_24dB,3G_SC,-70.0,,942.6e6,,0.1e6,13,12
,,,,,,,,GSTEP_30dB,3G_SC,-70.0,,942.6e6,,0.1e6,7,12
,,,,,,,,GSTEP_42dB,3G_SC,-70.0,,942.6e6,,0.1e6,1,12
,,,,,,GAIN_NOLNA,9,GMAX,2G,-88.0,,942.6e6,,0.1e6,23,12
,,,,,,,,GAIN_3G_AGC1,3G_SC,-65.0,,942.6e6,,0.1e6,23,10
,,,,,,,,GAIN_4G_AGC1,4G_10MHz,-61.0,,942.6e6,,0.1e6,23,6
,,,,,,,,GSTEP_6dB,3G_SC,-70.0,,942.6e6,,0.1e6,31,12
,,,,,,,,GSTEP_12dB,3G_SC,-70.0,,942.6e6,,0.1e6,25,12
,,,,,,,,GSTEP_18dB,3G_SC,-70.0,,942.6e6,,0.1e6,19,12
,,,,,,,,GSTEP_24dB,3G_SC,-70.0,,942.6e6,,0.1e6,13,12
,,,,,,,,GSTEP_30dB,3G_SC,-70.0,,942.6e6,,0.1e6,7,12
,,,,,,,,GSTEP_42dB,3G_SC,-70.0,,942.6e6,,0.1e6,1,12
,,,,,,IIP,28,IB_IIP3_2G,2G,-50.0,,941.7e6,941.0e6,0.1e6,37,12
,,,,,,,,IB_IIP3_3G_SC,3G_SC,-50.0,,939.0e6,936.6e6,1.1e6,37,10
,,,,,,,,IB_IIP3_3G_DC,3G_DC,-50.0,,936.5e6,934.1e6,3.6e6,34,5
,,,,,,,,IB_IIP3_4G_1.4MHz,4G_1.4MHz,-50.0,,939.6e6,936.9e6,0.2e6,37,6
,,,,,,,,IB_IIP3_4G_5MHz,4G_5MHz,-50.0,,932.4e6,922.5e6,0.2e6,37,6
,,,,,,,,IB_IIP3_4G_10MHz,4G_10MHz,-50.0,,929.9e6,917.5e6,0.2e6,37,6
,,,,,,,,IB_IIP3_4G_15MHz,4G_15MHz,-50.0,,927.4e6,912.5e6,0.2e6,37,6
,,,,,,,,IB_IIP3_4G_20MHz,4G_20MHz,-50.0,,924.9e6,907.5e6,0.2e6,37,6
,,,,,,,,IB_IIP3_4G_40MHz,4G_40MHz,-50.0,,914.9e6,887.5e6,0.2e6,31,6
,,,,,,,,OOB_IIP3_HDUP_3G_SC,3G_SC,-30.0,,920.1e6,897.5e6,0.2e6,37,10
,,,,,,,,OOB_IIP3_HDUP_3G_DC,3G_DC,-30.0,,920.1e6,897.5e6,0.2e6,37,10
,,,,,,,,OOB_IIP3_HDUP_4G_20MHz,4G_20MHz,-30.0,,920.1e6,897.5e6,0.2e6,37,6
,,,,,,,,OOB_IIP3_2DUP_3G_SC,3G_SC,-30.0,,852.6e6,897.5e6,0.1e6,37,10
,,,,,,,,OOB_IIP3_2DUP_3G_DC,3G_DC,-30.0,,852.6e6,897.5e6,0.1e6,37,10
,,,,,,,,OOB_IIP3_2DUP_4G_5MHz,4G_5MHz,-30.0,,852.6e6,897.5e6,0.1e6,37,6
,,,,,,,,OOB_IIP3_2DUP_4G_10MHz,4G_10MHz,-30.0,,852.6e6,897.5e6,0.1e6,37,6
,,,,,,,,OOB_IIP3_2DUP_4G_15MHz,4G_15MHz,-30.0,,852.6e6,897.5e6,0.1e6,37,6
,,,,,,,,OOB_IIP3_2DUP_4G_20MHz,4G_20MHz,-30.0,,852.6e6,897.5e6,0.1e6,37,6
,,,,,,,,IB_IIP2_2G_Uncal,2G,-33.0,,936.6e6,936.5e6,0.1e6,37,12
,,,,,,,,OOB_IIP2_3G_SC_Uncal,3G_SC,-30.0,,897.6e6,897.5e6,0.1e6,37,12
,,,,,,,,OOB_IIP2_3G_DC_Uncal,3G_DC,-30.0,,897.6e6,897.5e6,0.1e6,37,12
,,,,,,,,OOB_IIP2_4G_1.4MHz_Uncal,4G_1.4MHz,-30.0,,897.6e6,897.5e6,0.1e6,37,12
,,,,,,,,OOB_IIP2_4G_3MHz_Uncal,4G_3MHz,-30.0,,897.6e6,897.5e6,0.1e6,37,12
,,,,,,,,OOB_IIP2_4G_5MHz_Uncal,4G_5MHz,-30.0,,897.6e6,897.5e6,0.1e6,37,12
,,,,,,,,OOB_IIP2_4G_10MHz_Uncal,4G_10MHz,-30.0,,897.6e6,897.5e6,0.1e6,37,12
,,,,,,,,OOB_IIP2_4G_15MHz_Uncal,4G_15MHz,-30.0,,897.6e6,897.5e6,0.1e6,37,12
,,,,,,,,OOB_IIP2_4G_20MHz_Uncal,4G_20MHz,-30.0,,897.6e6,897.5e6,0.1e6,37,12
,,,,,,,,OOB_IIP2_4G_40MHz_Uncal,4G_40MHz,-30.0,,897.6e6,897.5e6,0.1e6,37,12
,,,,,,IIP_CAL3,1,OOB_IIP2_3G_SC_Cal,3G_SC,-30.0,,897.6e6,897.5e6,0.1e6,37,12
,,,,,,IIP_CAL3_NOLNA,1,OOB_IIP2_3G_SC_Cal,3G_SC,-30.0,,897.6e6,897.5e6,0.1e6,23,12
,,,,,,IIP_CAL9,1,OOB_IIP2_3G_SC_Cal,3G_SC,-30.0,,897.6e6,897.5e6,0.1e6,37,12
,,,,,,IIP_CAL9_NOLNA,1,OOB_IIP2_3G_SC_Cal,3G_SC,-30.0,,897.6e6,897.5e6,0.1e6,23,12
,,,,,,IIP_NOLNA,28,IB_IIP3_2G,2G,-50.0,,941.7e6,941.0e6,0.1e6,23,12
,,,,,,,,IB_IIP3_3G_SC,3G_SC,-50.0,,939.0e6,936.6e6,1.1e6,23,10
,,,,,,,,IB_IIP3_3G_DC,3G_DC,-50.0,,936.5e6,934.1e6,3.6e6,20,5
,,,,,,,,IB_IIP3_4G_1.4MHz,4G_1.4MHz,-50.0,,939.6e6,936.9e6,0.2e6,23,6
,,,,,,,,IB_IIP3_4G_5MHz,4G_5MHz,-50.0,,932.4e6,922.5e6,0.2e6,23,6
,,,,,,,,IB_IIP3_4G_10MHz,4G_10MHz,-50.0,,929.9e6,917.5e6,0.2e6,23,6
,,,,,,,,IB_IIP3_4G_15MHz,4G_15MHz,-50.0,,927.4e6,912.5e6,0.2e6,23,6
,,,,,,,,IB_IIP3_4G_20MHz,4G_20MHz,-50.0,,924.9e6,907.5e6,0.2e6,23,6
,,,,,,,,IB_IIP3_4G_40MHz,4G_40MHz,-50.0,,914.9e6,887.5e6,0.2e6,17,6
,,,,,,,,OOB_IIP3_HDUP_3G_SC,3G_SC,-30.0,,920.1e6,897.5e6,0.2e6,23,10
,,,,,,,,OOB_IIP3_HDUP_3G_DC,3G_DC,-30.0,,920.1e6,897.5e6,0.2e6,23,10
,,,,,,,,OOB_IIP3_HDUP_4G_20MHz,4G_20MHz,-30.0,,920.1e6,897.5e6,0.2e6,23,6
,,,,,,,,OOB_IIP3_2DUP_3G_SC,3G_SC,-30.0,,852.6e6,897.5e6,0.1e6,23,10
,,,,,,,,OOB_IIP3_2DUP_3G_DC,3G_DC,-30.0,,852.6e6,897.5e6,0.1e6,23,10
,,,,,,,,OOB_IIP3_2DUP_4G_5MHz,4G_5MHz,-30.0,,852.6e6,897.5e6,0.1e6,23,6
,,,,,,,,OOB_IIP3_2DUP_4G_10MHz,4G_10MHz,-30.0,,852.6e6,897.5e6,0.1e6,23,6
,,,,,,,,OOB_IIP3_2DUP_4G_15MHz,4G_15MHz,-30.0,,852.6e6,897.5e6,0.1e6,23,6
,,,,,,,,OOB_IIP3_2DUP_4G_20MHz,4G_20MHz,-30.0,,852.6e6,897.5e6,0.1e6,23,6
,,,,,,,,IB_IIP2_2G_Uncal,2G,-33.0,,936.6e6,936.5e6,0.1e6,23,12
,,,,,,,,OOB_IIP2_3G_SC_Uncal,3G_SC,-30.0,,897.6e6,897.5e6,0.1e6,23,12
,,,,,,,,OOB_IIP2_3G_DC_Uncal,3G_DC,-30.0,,897.6e6,897.5e6,0.1e6,23,12
,,,,,,,,OOB_IIP2_4G_1.4MHz_Uncal,4G_1.4MHz,-30.0,,897.6e6,897.5e6,0.1e6,23,12
,,,,,,,,OOB_IIP2_4G_3MHz_Uncal,4G_3MHz,-30.0,,897.6e6,897.5e6,0.1e6,23,12
,,,,,,,,OOB_IIP2_4G_5MHz_Uncal,4G_5MHz,-30.0,,897.6e6,897.5e6,0.1e6,23,12
,,,,,,,,OOB_IIP2_4G_10MHz_Uncal,4G_10MHz,-30.0,,897.6e6,897.5e6,0.1e6,23,12
,,,,,,,,OOB_IIP2_4G_15MHz_Uncal,4G_15MHz,-30.0,,897.6e6,897.5e6,0.1e6,23,12
,,,,,,,,OOB_IIP2_4G_20MHz_Uncal,4G_20MHz,-30.0,,897.6e6,897.5e6,0.1e6,23,12
,,,,,,,,OOB_IIP2_4G_40MHz_Uncal,4G_40MHz,-30.0,,897.6e6,897.5e6,0.1e6,23,12
,,,,,,IR,1,IR,3G_SC,-28.0,,942.6e6,,0.1e6,18,-3
,,,,,,IR_NOLNA,1,IR,3G_SC,-28.0,,942.6e6,,0.1e6,4,-3
,,,,,,NF,4,NF_2G,2G,-70.0,,942.6e6,,0.1e6,37,12
,,,,,,,,NF_3G_SC,3G_SC,-70.0,,942.6e6,,0.1e6,37,10
,,,,,,,,NF_4G_10MHz,4G_10MHz,-70.0,,942.6e6,,0.1e6,37,6
,,,,,,,,NF_4G_20MHz,4G_20MHz,-65.0,,942.6e6,,0.1e6,37,10
,,,,,,NF_NOLNA,4,NF_2G,2G,-70.0,,942.6e6,,0.1e6,23,12
,,,,,,,,NF_3G_SC,3G_SC,-70.0,,942.6e6,,0.1e6,23,10
,,,,,,,,NF_4G_10MHz,4G_10MHz,-70.0,,942.6e6,,0.1e6,23,6
,,,,,,,,NF_4G_20MHz,4G_20MHz,-65.0,,942.6e6,,0.1e6,23,10
RX,7,RXRF_HB3B,B,1,0
,,,,,,GAIN,21,GMAX,2G,-70.0,,2655.1e6,,0.1e6,37,12
,,,,,,,,GAIN_3G_AGC1,3G_SC,-65.0,,2655.1e6,,0.1e6,37,10
,,,,,,,,GAIN_4G_AGC1,4G_10MHz,-61.0,,2655.1e6,,0.1e6,37,6
,,,,,,,,GSTEP_6dB,3G_SC,-70.0,,2655.1e6,,0.1e6,31,12
,,,,,,,,GSTEP_12dB,3G_SC,-70.0,,2655.1e6,,0.1e6,25,12
,,,,,,,,GSTEP_18dB,3G_SC,-70.0,,2655.1e6,,0.1e6,19,12
,,,,,,,,GSTEP_24dB,3G_SC,-70.0,,2655.1e6,,0.1e6,13,12
,,,,,,,,GSTEP_30dB,3G_SC,-70.0,,2655.1e6,,0.1e6,7,12
,,,,,,,,GSTEP_42dB,3G_SC,-70.0,,2655.1e6,,0.1e6,1,12
,,,,,,,,VGA_GSTEP_2dB,3G_SC,-70.0,,2655.1e6,,0.1e6,37,10
,,,,,,,,VGA_GSTEP_4dB,3G_SC,-70.0,,2655.1e6,,0.1e6,37,8
,,,,,,,,VGA_GSTEP_6dB,3G_SC,-70.0,,2655.1e6,,0.1e6,37,6
,,,,,,,,VGA_GSTEP_8dB,3G_SC,-70.0,,2655.1e6,,0.1e6,37,4
,,,,,,,,VGA_GSTEP_10dB,3G_SC,-70.0,,2655.1e6,,0.1e6,37,2
,,,,,,,,VGA_GSTEP_12dB,3G_SC,-70.0,,2655.1e6,,0.1e6,37,0
,,,,,,,,VGA_GSTEP_14dB,3G_SC,-70.0,,2655.1e6,,0.1e6,37,-2
,,,,,,,,VGA_GSTEP_16dB,3G_SC,-70.0,,2655.1e6,,0.1e6,37,-4
,,,,,,,,VGA_GSTEP_18dB,3G_SC,-70.0,,2655.1e6,,0.1e6,37,-6
,,,,,,,,VGA_GSTEP_20dB,3G_SC,-70.0,,2655.1e6,,0.1e6,37,-8
,,,,,,,,VGA_GSTEP_22dB,3G_SC,-70.0,,2655.1e6,,0.1e6,37,-10
,,,,,,,,VGA_GSTEP_24dB,3G_SC,-70.0,,2655.1e6,,0.1e6,37,-12
,,,,,,GAIN_NOLNA,21,GMAX,2G,-88.0,,2655.1e6,,0.1e6,23,12
,,,,,,,,GAIN_3G_AGC1,3G_SC,-65.0,,2655.1e6,,0.1e6,23,10
,,,,,,,,GAIN_4G_AGC1,4G_10MHz,-61.0,,2655.1e6,,0.1e6,23,6
,,,,,,,,GSTEP_6dB,3G_SC,-70.0,,2655.1e6,,0.1e6,31,12
,,,,,,,,GSTEP_12dB,3G_SC,-70.0,,2655.1e6,,0.1e6,25,12
,,,,,,,,GSTEP_18dB,3G_SC,-70.0,,2655.1e6,,0.1e6,19,12
,,,,,,,,GSTEP_24dB,3G_SC,-70.0,,2655.1e6,,0.1e6,13,12
,,,,,,,,GSTEP_30dB,3G_SC,-70.0,,2655.1e6,,0.1e6,7,12
,,,,,,,,GSTEP_42dB,3G_SC,-70.0,,2655.1e6,,0.1e6,1,12
,,,,,,,,VGA_GSTEP_2dB,3G_SC,-70.0,,2655.1e6,,0.1e6,23,10
,,,,,,,,VGA_GSTEP_4dB,3G_SC,-70.0,,2655.1e6,,0.1e6,23,8
,,,,,,,,VGA_GSTEP_6dB,3G_SC,-70.0,,2655.1e6,,0.1e6,23,6
,,,,,,,,VGA_GSTEP_8dB,3G_SC,-70.0,,2655.1e6,,0.1e6,23,4
,,,,,,,,VGA_GSTEP_10dB,3G_SC,-70.0,,2655.1e6,,0.1e6,23,2
,,,,,,,,VGA_GSTEP_12dB,3G_SC,-70.0,,2655.1e6,,0.1e6,23,0
,,,,,,,,VGA_GSTEP_14dB,3G_SC,-70.0,,2655.1e6,,0.1e6,23,-2
,,,,,,,,VGA_GSTEP_16dB,3G_SC,-70.0,,2655.1e6,,0.1e6,23,-4
,,,,,,,,VGA_GSTEP_18dB,3G_SC,-70.0,,2655.1e6,,0.1e6,23,-6
,,,,,,,,VGA_GSTEP_20dB,3G_SC,-70.0,,2655.1e6,,0.1e6,23,-8
,,,,,,,,VGA_GSTEP_22dB,3G_SC,-70.0,,2655.1e6,,0.1e6,23,-10
,,,,,,,,VGA_GSTEP_24dB,3G_SC,-70.0,,2655.1e6,,0.1e6,23,-12
,,,,,,GAIN_eDSDS,1,GAIN_eDSDS_All_max,2G,-88.0,,2655.1e6,,0.1e6,37,12
,,,,,,GAIN_eDSDS_NOLNA,1,GAIN_eDSDS_All_max,2G,-88.0,,2655.1e6,,0.1e6,23,12
,,,,,,IIP,6,IB_IIP3_4G_1.4MHz,4G_1.4MHz,-50.0,,2652.1e6,2649.4e6,0.2e6,37,6
,,,,,,,,IB_IIP3_4G_5MHz,4G_5MHz,-50.0,,2644.9e6,2635.0e6,0.2e6,37,6
,,,,,,,,IB_IIP3_4G_10MHz,4G_10MHz,-50.0,,2642.4e6,2630.0e6,0.2e6,37,6
,,,,,,,,IB_IIP3_4G_15MHz,4G_15MHz,-50.0,,2639.9e6,2625.0e6,0.2e6,37,6
,,,,,,,,IB_IIP3_4G_20MHz,4G_20MHz,-50.0,,2637.4e6,2620.0e6,0.2e6,37,6
,,,,,,,,IB_IIP3_4G_40MHz,4G_40MHz,-50.0,,2627.4e6,2600.0e6,0.2e6,31,6
,,,,,,IIP_NOLNA,6,IB_IIP3_4G_1.4MHz,4G_1.4MHz,-50.0,,2652.1e6,2649.4e6,0.2e6,23,6
,,,,,,,,IB_IIP3_4G_5MHz,4G_5MHz,-50.0,,2644.9e6,2635.0e6,0.2e6,23,6
,,,,,,,,IB_IIP3_4G_10MHz,4G_10MHz,-50.0,,2642.4e6,2630.0e6,0.2e6,23,6
,,,,,,,,IB_IIP3_4G_15MHz,4G_15MHz,-50.0,,2639.9e6,2625.0e6,0.2e6,23,6
,,,,,,,,IB_IIP3_4G_20MHz,4G_20MHz,-50.0,,2637.4e6,2620.0e6,0.2e6,23,6
,,,,,,,,IB_IIP3_4G_40MHz,4G_40MHz,-50.0,,2627.4e6,2600.0e6,0.2e6,17,6
,,,,,,IR,1,IR,3G_SC,-28.0,,2655.1e6,,0.1e6,18,-3
,,,,,,IR_NOLNA,1,IR,3G_SC,-28.0,,2655.1e6,,0.1e6,4,-3
,,,,,,NF,3,NF_3G_SC,3G_SC,-70.0,,2655.1e6,,0.1e6,37,10
,,,,,,,,NF_4G_10MHz,4G_10MHz,-70.0,,2655.1e6,,0.1e6,37,6
,,,,,,,,NF_4G_20MHz,4G_20MHz,-65.0,,2655.1e6,,0.1e6,37,10
,,,,,,NF_NOLNA,3,NF_3G_SC,3G_SC,-70.0,,2655.1e6,,0.1e6,23,10
,,,,,,,,NF_4G_10MHz,4G_10MHz,-70.0,,2655.1e6,,0.1e6,23,6
,,,,,,,,NF_4G_20MHz,4G_20MHz,-65.0,,2655.1e6,,0.1e6,23,10
$end
